Timestamp,Simulation Time Elapsed (s),Electrical Power Input (W),Electrical Power Output (W),Electrical Power Loss (W),PS1 Loss (W),PS2 Loss (W),Fan Power Supply Loss (W),Resistor 1 Load (W),Resistor 2 Load (W),Fan 1 Load (W),Fan 2 Load (W),Ambient Temperature (°C),Conditioned Zone Temperature (°C),Plenum Temperature (°C),Conditioned Zone Heat Gain (W),Plenum Heat Gain (W),CHW Cooling (W)
2020-07-06 16:00:00,0,29.22619,24.760998999999998,4.4651911,1.5360976,1.4644388,1.4646547,12.127544,11.633455,0.5,0.5,23.667376,23.330875,23.185875,25.725655,3.5005364,0
2020-07-06 16:15:00,900,29.22619,24.760998999999998,4.4651911,1.5360976,1.4644388,1.4646547,12.127544,11.633455,0.5,0.5,23.667376,23.330875,23.185875,25.725655,3.5005364,0
2020-07-06 16:30:00,1800,29.22619,24.760998999999998,4.4651911,1.5360976,1.4644388,1.4646547,12.127544,11.633455,0.5,0.5,23.667376,23.330875,23.185875,25.725655,3.5005364,0
2020-07-06 16:45:00,2700,29.22619,24.760998999999998,4.4651911,1.5360976,1.4644388,1.4646547,12.127544,11.633455,0.5,0.5,23.667376,23.330875,23.185875,25.725655,3.5005364,0
2020-07-06 17:00:00,3600,29.22619,24.760998999999998,4.4651911,1.5360976,1.4644388,1.4646547,12.127544,11.633455,0.5,0.5,23.667376,23.330875,23.185875,25.725655,3.5005364,0
2020-07-06 17:15:00,4500,29.22619,24.760998999999998,4.4651911,1.5360976,1.4644388,1.4646547,12.127544,11.633455,0.5,0.5,23.667376,23.330875,23.185875,25.725655,3.5005364,0
2020-07-06 17:30:00,5400,29.22619,24.760998999999998,4.4651911,1.5360976,1.4644388,1.4646547,12.127544,11.633455,0.5,0.5,23.667376,23.330875,23.185875,25.725655,3.5005364,0
2020-07-06 17:45:00,6300,29.22619,24.760998999999998,4.4651911,1.5360976,1.4644388,1.4646547,12.127544,11.633455,0.5,0.5,23.667376,23.330875,23.185875,25.725655,3.5005364,0
2020-07-06 18:00:00,7200,29.22619,24.760998999999998,4.4651911,1.5360976,1.4644388,1.4646547,12.127544,11.633455,0.5,0.5,23.667376,23.330875,23.185875,25.725655,3.5005364,0
2020-07-06 18:15:00,8100,29.22619,24.760998999999998,4.4651911,1.5360976,1.4644388,1.4646547,12.127544,11.633455,0.5,0.5,23.667376,23.330875,23.185875,25.725655,3.5005364,0
2020-07-06 18:30:00,9000,29.22619,24.760998999999998,4.4651911,1.5360976,1.4644388,1.4646547,12.127544,11.633455,0.5,0.5,23.667376,23.330875,23.185875,25.725655,3.5005364,0
2020-07-06 18:45:00,9900,29.22619,24.760998999999998,4.4651911,1.5360976,1.4644388,1.4646547,12.127544,11.633455,0.5,0.5,23.667376,23.330875,23.185875,25.725655,3.5005364,0
2020-07-06 19:00:00,10800,29.22619,24.760998999999998,4.4651911,1.5360976,1.4644388,1.4646547,12.127544,11.633455,0.5,0.5,23.667376,23.330875,23.185875,25.725655,3.5005364,0
2020-07-06 19:15:00,11700,29.22619,24.760998999999998,4.4651911,1.5360976,1.4644388,1.4646547,12.127544,11.633455,0.5,0.5,23.667376,23.330875,23.185875,25.725655,3.5005364,0
2020-07-06 19:30:00,12600,29.22619,24.760998999999998,4.4651911,1.5360976,1.4644388,1.4646547,12.127544,11.633455,0.5,0.5,23.667376,23.330875,23.185875,25.725655,3.5005364,0
2020-07-06 19:45:00,13500,29.22619,24.760998999999998,4.4651911,1.5360976,1.4644388,1.4646547,12.127544,11.633455,0.5,0.5,23.667376,23.330875,23.185875,25.725655,3.5005364,0
2020-07-06 20:00:00,14400,29.22619,24.760998999999998,4.4651911,1.5360976,1.4644388,1.4646547,12.127544,11.633455,0.5,0.5,23.667376,23.330875,23.185875,25.725655,3.5005364,0
2020-07-06 20:15:00,15300,29.22619,24.760998999999998,4.4651911,1.5360976,1.4644388,1.4646547,12.127544,11.633455,0.5,0.5,23.667376,23.330875,23.185875,25.725655,3.5005364,0
2020-07-06 20:30:00,16200,29.22619,24.760998999999998,4.4651911,1.5360976,1.4644388,1.4646547,12.127544,11.633455,0.5,0.5,23.667376,23.330875,23.185875,25.725655,3.5005364,0
2020-07-06 20:45:00,17100,29.22619,24.760998999999998,4.4651911,1.5360976,1.4644388,1.4646547,12.127544,11.633455,0.5,0.5,23.667376,23.330875,23.185875,25.725655,3.5005364,0
2020-07-06 21:00:00,18000,29.22619,24.760998999999998,4.4651911,1.5360976,1.4644388,1.4646547,12.127544,11.633455,0.5,0.5,23.667376,23.330875,23.185875,25.725655,3.5005364,0
2020-07-06 21:15:00,18900,29.22619,24.760998999999998,4.4651911,1.5360976,1.4644388,1.4646547,12.127544,11.633455,0.5,0.5,23.667376,23.330875,23.185875,25.725655,3.5005364,0
2020-07-06 21:30:00,19800,29.22619,24.760998999999998,4.4651911,1.5360976,1.4644388,1.4646547,12.127544,11.633455,0.5,0.5,23.667376,23.330875,23.185875,25.725655,3.5005364,0
2020-07-06 21:45:00,20700,29.22619,24.760998999999998,4.4651911,1.5360976,1.4644388,1.4646547,12.127544,11.633455,0.5,0.5,23.667376,23.330875,23.185875,25.725655,3.5005364,0
2020-07-06 22:00:00,21600,29.22619,24.760998999999998,4.4651911,1.5360976,1.4644388,1.4646547,12.127544,11.633455,0.5,0.5,23.667376,23.330875,23.185875,25.725655,3.5005364,0
2020-07-06 22:15:00,22500,29.22619,24.760998999999998,4.4651911,1.5360976,1.4644388,1.4646547,12.127544,11.633455,0.5,0.5,23.667376,23.330875,23.185875,25.725655,3.5005364,0
2020-07-06 22:30:00,23400,29.22619,24.760998999999998,4.4651911,1.5360976,1.4644388,1.4646547,12.127544,11.633455,0.5,0.5,23.667376,23.330875,23.185875,25.725655,3.5005364,0
2020-07-06 22:45:00,24300,29.22619,24.760998999999998,4.4651911,1.5360976,1.4644388,1.4646547,12.127544,11.633455,0.5,0.5,23.667376,23.330875,23.185875,25.725655,3.5005364,0
2020-07-06 23:00:00,25200,29.22619,24.760998999999998,4.4651911,1.5360976,1.4644388,1.4646547,12.127544,11.633455,0.5,0.5,23.667376,23.330875,23.185875,25.725655,3.5005364,0
2020-07-06 23:15:00,26100,29.22619,24.760998999999998,4.4651911,1.5360976,1.4644388,1.4646547,12.127544,11.633455,0.5,0.5,23.667376,23.330875,23.185875,25.725655,3.5005364,0
2020-07-06 23:30:00,27000,29.22619,24.760998999999998,4.4651911,1.5360976,1.4644388,1.4646547,12.127544,11.633455,0.5,0.5,23.667376,23.330875,23.185875,25.725655,3.5005364,0
2020-07-06 23:45:00,27900,29.22619,24.760998999999998,4.4651911,1.5360976,1.4644388,1.4646547,12.127544,11.633455,0.5,0.5,23.667376,23.330875,23.185875,25.725655,3.5005364,0
2020-07-07 00:00:00,28800,29.22619,24.760998999999998,4.4651911,1.5360976,1.4644388,1.4646547,12.127544,11.633455,0.5,0.5,23.667376,23.330875,23.185875,25.725655,3.5005364,0
2020-07-07 00:15:00,29700,29.22619,24.760998999999998,4.4651911,1.5360976,1.4644388,1.4646547,12.127544,11.633455,0.5,0.5,23.667376,23.330875,23.185875,25.725655,3.5005364,0
2020-07-07 00:30:00,30600,29.22619,24.760998999999998,4.4651911,1.5360976,1.4644388,1.4646547,12.127544,11.633455,0.5,0.5,23.667376,23.330875,23.185875,25.725655,3.5005364,0
2020-07-07 00:45:00,31500,29.22619,24.760998999999998,4.4651911,1.5360976,1.4644388,1.4646547,12.127544,11.633455,0.5,0.5,23.667376,23.330875,23.185875,25.725655,3.5005364,0
2020-07-07 01:00:00,32400,29.22619,24.760998999999998,4.4651911,1.5360976,1.4644388,1.4646547,12.127544,11.633455,0.5,0.5,23.667376,23.330875,23.185875,25.725655,3.5005364,0
2020-07-07 01:15:00,33300,29.22619,24.760998999999998,4.4651911,1.5360976,1.4644388,1.4646547,12.127544,11.633455,0.5,0.5,23.667376,23.330875,23.185875,25.725655,3.5005364,0
2020-07-07 01:30:00,34200,29.22619,24.760998999999998,4.4651911,1.5360976,1.4644388,1.4646547,12.127544,11.633455,0.5,0.5,23.667376,23.330875,23.185875,25.725655,3.5005364,0
2020-07-07 01:45:00,35100,29.22619,24.760998999999998,4.4651911,1.5360976,1.4644388,1.4646547,12.127544,11.633455,0.5,0.5,23.667376,23.330875,23.185875,25.725655,3.5005364,0
2020-07-07 02:00:00,36000,29.22619,24.760998999999998,4.4651911,1.5360976,1.4644388,1.4646547,12.127544,11.633455,0.5,0.5,23.667376,23.330875,23.185875,25.725655,3.5005364,0
2020-07-07 02:15:00,36900,29.22619,24.760998999999998,4.4651911,1.5360976,1.4644388,1.4646547,12.127544,11.633455,0.5,0.5,23.667376,23.330875,23.185875,25.725655,3.5005364,0
2020-07-07 02:30:00,37800,29.22619,24.760998999999998,4.4651911,1.5360976,1.4644388,1.4646547,12.127544,11.633455,0.5,0.5,23.667376,23.330875,23.185875,25.725655,3.5005364,0
2020-07-07 02:45:00,38700,29.22619,24.760998999999998,4.4651911,1.5360976,1.4644388,1.4646547,12.127544,11.633455,0.5,0.5,23.667376,23.330875,23.185875,25.725655,3.5005364,0
2020-07-07 03:00:00,39600,29.22619,24.760998999999998,4.4651911,1.5360976,1.4644388,1.4646547,12.127544,11.633455,0.5,0.5,23.667376,23.330875,23.185875,25.725655,3.5005364,0
2020-07-07 03:15:00,40500,29.22619,24.760998999999998,4.4651911,1.5360976,1.4644388,1.4646547,12.127544,11.633455,0.5,0.5,23.667376,23.330875,23.185875,25.725655,3.5005364,0
2020-07-07 03:30:00,41400,29.22619,24.760998999999998,4.4651911,1.5360976,1.4644388,1.4646547,12.127544,11.633455,0.5,0.5,23.667376,23.330875,23.185875,25.725655,3.5005364,0
2020-07-07 03:45:00,42300,29.22619,24.760998999999998,4.4651911,1.5360976,1.4644388,1.4646547,12.127544,11.633455,0.5,0.5,23.667376,23.330875,23.185875,25.725655,3.5005364,0
2020-07-07 04:00:00,43200,29.22619,24.760998999999998,4.4651911,1.5360976,1.4644388,1.4646547,12.127544,11.633455,0.5,0.5,23.667376,23.330875,23.185875,25.725655,3.5005364,0
2020-07-07 04:15:00,44100,29.22619,24.760998999999998,4.4651911,1.5360976,1.4644388,1.4646547,12.127544,11.633455,0.5,0.5,23.667376,23.330875,23.185875,25.725655,3.5005364,0
2020-07-07 04:30:00,45000,29.22619,24.760998999999998,4.4651911,1.5360976,1.4644388,1.4646547,12.127544,11.633455,0.5,0.5,23.667376,23.330875,23.185875,25.725655,3.5005364,0
2020-07-07 04:45:00,45900,29.22619,24.760998999999998,4.4651911,1.5360976,1.4644388,1.4646547,12.127544,11.633455,0.5,0.5,23.667376,23.330875,23.185875,25.725655,3.5005364,0
2020-07-07 05:00:00,46800,29.22619,24.760998999999998,4.4651911,1.5360976,1.4644388,1.4646547,12.127544,11.633455,0.5,0.5,23.667376,23.330875,23.185875,25.725655,3.5005364,0
2020-07-07 05:15:00,47700,29.22619,24.760998999999998,4.4651911,1.5360976,1.4644388,1.4646547,12.127544,11.633455,0.5,0.5,23.667376,23.330875,23.185875,25.725655,3.5005364,0
2020-07-07 05:30:00,48600,29.22619,24.760998999999998,4.4651911,1.5360976,1.4644388,1.4646547,12.127544,11.633455,0.5,0.5,23.667376,23.330875,23.185875,25.725655,3.5005364,0
2020-07-07 05:45:00,49500,29.22619,24.760998999999998,4.4651911,1.5360976,1.4644388,1.4646547,12.127544,11.633455,0.5,0.5,23.667376,23.330875,23.185875,25.725655,3.5005364,0
2020-07-07 06:00:00,50400,29.22619,24.760998999999998,4.4651911,1.5360976,1.4644388,1.4646547,12.127544,11.633455,0.5,0.5,23.667376,23.330875,23.185875,25.725655,3.5005364,0
2020-07-07 06:15:00,51300,29.22619,24.760998999999998,4.4651911,1.5360976,1.4644388,1.4646547,12.127544,11.633455,0.5,0.5,23.667376,23.330875,23.185875,25.725655,3.5005364,0
2020-07-07 06:30:00,52200,29.22619,24.760998999999998,4.4651911,1.5360976,1.4644388,1.4646547,12.127544,11.633455,0.5,0.5,23.667376,23.330875,23.185875,25.725655,3.5005364,0
2020-07-07 06:45:00,53100,29.22619,24.760998999999998,4.4651911,1.5360976,1.4644388,1.4646547,12.127544,11.633455,0.5,0.5,23.667376,23.330875,23.185875,25.725655,3.5005364,0
2020-07-07 07:00:00,54000,29.22619,24.760998999999998,4.4651911,1.5360976,1.4644388,1.4646547,12.127544,11.633455,0.5,0.5,23.667376,23.330875,23.185875,25.725655,3.5005364,0
2020-07-07 07:15:00,54900,29.22619,24.760998999999998,4.4651911,1.5360976,1.4644388,1.4646547,12.127544,11.633455,0.5,0.5,23.667376,23.330875,23.185875,25.725655,3.5005364,0
2020-07-07 07:30:00,55800,29.22619,24.760998999999998,4.4651911,1.5360976,1.4644388,1.4646547,12.127544,11.633455,0.5,0.5,23.667376,23.330875,23.185875,25.725655,3.5005364,0
2020-07-07 07:45:00,56700,29.22619,24.760998999999998,4.4651911,1.5360976,1.4644388,1.4646547,12.127544,11.633455,0.5,0.5,23.667376,23.330875,23.185875,25.725655,3.5005364,0
2020-07-07 08:00:00,57600,29.22619,24.760998999999998,4.4651911,1.5360976,1.4644388,1.4646547,12.127544,11.633455,0.5,0.5,23.667376,23.330875,23.185875,25.725655,3.5005364,0
2020-07-07 08:15:00,58500,29.22619,24.760998999999998,4.4651911,1.5360976,1.4644388,1.4646547,12.127544,11.633455,0.5,0.5,23.667376,23.330875,23.185875,25.725655,3.5005364,0
2020-07-07 08:30:00,59400,29.22619,24.760998999999998,4.4651911,1.5360976,1.4644388,1.4646547,12.127544,11.633455,0.5,0.5,23.667376,23.330875,23.185875,25.725655,3.5005364,0
2020-07-07 08:45:00,60300,29.22619,24.760998999999998,4.4651911,1.5360976,1.4644388,1.4646547,12.127544,11.633455,0.5,0.5,23.667376,23.330875,23.185875,25.725655,3.5005364,0
2020-07-07 09:00:00,61200,29.22619,24.760998999999998,4.4651911,1.5360976,1.4644388,1.4646547,12.127544,11.633455,0.5,0.5,23.667376,23.330875,23.185875,25.725655,3.5005364,0
2020-07-07 09:15:00,62100,29.22619,24.760998999999998,4.4651911,1.5360976,1.4644388,1.4646547,12.127544,11.633455,0.5,0.5,23.667376,23.330875,23.185875,25.725655,3.5005364,0
2020-07-07 09:30:00,63000,29.22619,24.760998999999998,4.4651911,1.5360976,1.4644388,1.4646547,12.127544,11.633455,0.5,0.5,23.667376,23.330875,23.185875,25.725655,3.5005364,0
2020-07-07 09:45:00,63900,29.22619,24.760998999999998,4.4651911,1.5360976,1.4644388,1.4646547,12.127544,11.633455,0.5,0.5,23.667376,23.330875,23.185875,25.725655,3.5005364,0
2020-07-07 10:00:00,64800,29.22619,24.760998999999998,4.4651911,1.5360976,1.4644388,1.4646547,12.127544,11.633455,0.5,0.5,23.667376,23.330875,23.185875,25.725655,3.5005364,0
2020-07-07 10:15:00,65700,29.22619,24.760998999999998,4.4651911,1.5360976,1.4644388,1.4646547,12.127544,11.633455,0.5,0.5,23.667376,23.330875,23.185875,25.725655,3.5005364,0
2020-07-07 10:30:00,66600,29.22619,24.760998999999998,4.4651911,1.5360976,1.4644388,1.4646547,12.127544,11.633455,0.5,0.5,23.667376,23.330875,23.185875,25.725655,3.5005364,0
2020-07-07 10:45:00,67500,29.22619,24.760998999999998,4.4651911,1.5360976,1.4644388,1.4646547,12.127544,11.633455,0.5,0.5,23.667376,23.330875,23.185875,25.725655,3.5005364,0
2020-07-07 11:00:00,68400,29.22619,24.760998999999998,4.4651911,1.5360976,1.4644388,1.4646547,12.127544,11.633455,0.5,0.5,23.667376,23.330875,23.185875,25.725655,3.5005364,0
2020-07-07 11:15:00,69300,29.22619,24.760998999999998,4.4651911,1.5360976,1.4644388,1.4646547,12.127544,11.633455,0.5,0.5,23.667376,23.330875,23.185875,25.725655,3.5005364,0
2020-07-07 11:30:00,70200,29.22619,24.760998999999998,4.4651911,1.5360976,1.4644388,1.4646547,12.127544,11.633455,0.5,0.5,23.667376,23.330875,23.185875,25.725655,3.5005364,0
2020-07-07 11:45:00,71100,29.22619,24.760998999999998,4.4651911,1.5360976,1.4644388,1.4646547,12.127544,11.633455,0.5,0.5,23.667376,23.330875,23.185875,25.725655,3.5005364,0
2020-07-07 12:00:00,72000,29.22619,24.760998999999998,4.4651911,1.5360976,1.4644388,1.4646547,12.127544,11.633455,0.5,0.5,23.667376,23.330875,23.185875,25.725655,3.5005364,0
2020-07-07 12:15:00,72900,29.22619,24.760998999999998,4.4651911,1.5360976,1.4644388,1.4646547,12.127544,11.633455,0.5,0.5,23.667376,23.330875,23.185875,25.725655,3.5005364,0
2020-07-07 12:30:00,73800,29.22619,24.760998999999998,4.4651911,1.5360976,1.4644388,1.4646547,12.127544,11.633455,0.5,0.5,23.667376,23.330875,23.185875,25.725655,3.5005364,0
2020-07-07 12:45:00,74700,29.22619,24.760998999999998,4.4651911,1.5360976,1.4644388,1.4646547,12.127544,11.633455,0.5,0.5,23.667376,23.330875,23.185875,25.725655,3.5005364,0
2020-07-07 13:00:00,75600,29.22619,24.760998999999998,4.4651911,1.5360976,1.4644388,1.4646547,12.127544,11.633455,0.5,0.5,23.667376,23.330875,23.185875,25.725655,3.5005364,0
2020-07-07 13:15:00,76500,29.22619,24.760998999999998,4.4651911,1.5360976,1.4644388,1.4646547,12.127544,11.633455,0.5,0.5,23.667376,23.330875,23.185875,25.725655,3.5005364,0
2020-07-07 13:30:00,77400,29.22619,24.760998999999998,4.4651911,1.5360976,1.4644388,1.4646547,12.127544,11.633455,0.5,0.5,23.667376,23.330875,23.185875,25.725655,3.5005364,0
2020-07-07 13:45:00,78300,29.22619,24.760998999999998,4.4651911,1.5360976,1.4644388,1.4646547,12.127544,11.633455,0.5,0.5,23.667376,23.330875,23.185875,25.725655,3.5005364,0
2020-07-07 14:00:00,79200,29.22619,24.760998999999998,4.4651911,1.5360976,1.4644388,1.4646547,12.127544,11.633455,0.5,0.5,23.667376,23.330875,23.185875,25.725655,3.5005364,0
2020-07-07 14:15:00,80100,29.22619,24.760998999999998,4.4651911,1.5360976,1.4644388,1.4646547,12.127544,11.633455,0.5,0.5,23.667376,23.330875,23.185875,25.725655,3.5005364,0
2020-07-07 14:30:00,81000,29.22619,24.760998999999998,4.4651911,1.5360976,1.4644388,1.4646547,12.127544,11.633455,0.5,0.5,23.667376,23.330875,23.185875,25.725655,3.5005364,0
2020-07-07 14:45:00,81900,29.22619,24.760998999999998,4.4651911,1.5360976,1.4644388,1.4646547,12.127544,11.633455,0.5,0.5,23.667376,23.330875,23.185875,25.725655,3.5005364,0
2020-07-07 15:00:00,82800,29.22619,24.760998999999998,4.4651911,1.5360976,1.4644388,1.4646547,12.127544,11.633455,0.5,0.5,23.667376,23.330875,23.185875,25.725655,3.5005364,0
2020-07-07 15:15:00,83700,29.22619,24.760998999999998,4.4651911,1.5360976,1.4644388,1.4646547,12.127544,11.633455,0.5,0.5,23.667376,23.330875,23.185875,25.725655,3.5005364,0
2020-07-07 15:30:00,84600,29.22619,24.760998999999998,4.4651911,1.5360976,1.4644388,1.4646547,12.127544,11.633455,0.5,0.5,23.667376,23.330875,23.185875,25.725655,3.5005364,0
2020-07-07 15:45:00,85500,29.22619,24.760998999999998,4.4651911,1.5360976,1.4644388,1.4646547,12.127544,11.633455,0.5,0.5,23.667376,23.330875,23.185875,25.725655,3.5005364,0
2020-07-07 16:00:00,86400,29.212651466666667,24.748835966666668,4.463815473333334,1.5353463999999999,1.4638143733333333,1.4646547,12.1213358,11.627500166666668,0.5,0.5,23.651242133333334,25.34095973333333,24.375968066666665,25.713491,3.4991607866666667,0
2020-07-07 16:15:00,87300,29.191278066666666,24.7296346,4.461643966666667,1.5341605933333333,1.4628286733333333,1.4646547,12.1115354,11.6180992,0.5,0.5,22.740508266666666,28.5174948,27.084286933333335,25.694288933333333,3.4969892133333333,0
2020-07-07 16:30:00,88200,29.176815466666667,24.716640933333334,4.460174613333333,1.5333582066666667,1.4621617066666666,1.4646547,12.104903466666666,11.611737466666666,0.5,0.5,21.957775,30.670055866666665,29.1627814,25.6812954,3.495519906666667,0
2020-07-07 16:45:00,89100,29.164600066666665,24.7056663,4.4589337066666666,1.5326805933333334,1.4615984133333333,1.4646547,12.099302033333334,11.606364266666667,0.5,0.5,21.4216082,32.4899896,30.956524933333334,25.670321133333335,3.494279006666667,0
2020-07-07 17:00:00,90000,29.153702666666668,24.695876,4.457826693333334,1.5320760666666666,1.4610959266666668,1.4646547,12.094305266666666,11.601570733333334,0.5,0.5,21.480575066666667,34.11501533333333,32.5720364,25.6605306,3.49317198,0
2020-07-07 17:15:00,90900,29.143786666666667,24.686967266666667,4.45681946,1.5315260333333334,1.4606387266666667,1.4646547,12.0897582,11.597209066666666,0.5,0.5,21.101774866666666,35.594825666666665,34.0488324,25.651621733333332,3.492164773333333,0
2020-07-07 17:30:00,91800,29.1346534,24.678762066666668,4.455891753333334,1.5310194066666667,1.4602176466666668,1.4646547,12.085570266666666,11.5931918,0.5,0.5,21.209975,36.95882373333333,35.4121794,25.643416333333334,3.49123706,0
2020-07-07 17:45:00,92700,29.126169733333334,24.6711401,4.4550300400000005,1.5305488266666667,1.4598265133333332,1.4646547,12.08168,11.5894601,0.5,0.5,20.9100416,38.226670266666666,36.6801486,25.635794866666668,3.490375326666667,0
2020-07-07 18:00:00,93600,29.118239533333334,24.6640151,4.454224586666666,1.5301089933333334,1.4594608933333333,1.4646547,12.0780435,11.5859716,0.5,0.5,21.2736418,39.412549,37.866077266666665,25.62867,3.4895698866666667,0
2020-07-07 18:15:00,94500,29.110799733333334,24.657331133333333,4.453468986666667,1.5296963533333334,1.4591179333333333,1.4646547,12.074632,11.582699133333334,0.5,0.5,21.980975,40.52574033333333,38.9788892,25.621985733333332,3.4888142466666667,0
2020-07-07 18:30:00,95400,29.103777066666666,24.651021466666666,4.452755686666666,1.5293068266666667,1.45879416,1.4646547,12.071411633333334,11.579609833333333,0.5,0.5,22.431541733333333,41.577163399999996,40.029236133333335,25.615675933333332,3.488100986666667,0
2020-07-07 18:45:00,96300,29.097082733333334,24.645007,4.452075813333334,1.52893556,1.4584855533333334,1.4646547,12.0683419,11.5766651,0.5,0.5,22.652275066666668,42.5798984,41.030002333333336,25.609661666666668,3.48742112,0
2020-07-07 19:00:00,97200,29.090659,24.639235499999998,4.45142344,1.5285792933333333,1.4581894466666667,1.4646547,12.0653961,11.5738394,0.5,0.5,22.756608133333334,43.54257426666667,41.9899086,25.603890466666666,3.486768746666667,0
2020-07-07 19:15:00,98100,29.0844874,24.633691066666668,4.45079674,1.5282370666666667,1.4579049733333334,1.4646547,12.0625662,11.571124866666667,0.5,0.5,22.762974666666665,44.467875533333334,42.911906333333334,25.598345733333332,3.4861420466666666,0
2020-07-07 19:30:00,99000,29.078569466666668,24.628373866666667,4.450195713333334,1.5279088333333333,1.45763218,1.4646547,12.059852333333334,11.568521533333334,0.5,0.5,22.738175,45.35563633333334,43.79604766666667,25.593028733333334,3.485541013333333,0
2020-07-07 19:45:00,99900,29.072909866666667,24.623289233333335,4.449620966666667,1.52759496,1.4573713066666667,1.4646547,12.0572572,11.566032033333334,0.5,0.5,22.706975466666666,46.20501973333333,44.64160533333333,25.587943733333333,3.4849662733333333,0
2020-07-07 20:00:00,100800,29.0675108,24.6184379,4.449072693333334,1.5272955533333334,1.45712244,1.4646547,12.054781033333335,11.563656866666667,0.5,0.5,22.658341533333335,47.01563853333334,45.44822573333333,25.583092466666667,3.484417973333333,0
2020-07-07 20:15:00,101700,29.0623684,24.613818066666667,4.448550553333333,1.5270104133333333,1.45688544,1.4646547,12.052423066666666,11.561395,0.5,0.5,22.6130758,47.7879654,46.216369666666665,25.578472533333333,3.4838958266666666,0
2020-07-07 20:30:00,102600,29.0574758,24.6094221,4.448053673333334,1.52673908,1.4566598933333332,1.4646547,12.050179433333334,11.559242666666666,0.5,0.5,22.5762748,48.52311473333334,46.94714106666667,25.574076666666667,3.4833990266666666,0
2020-07-07 20:45:00,103500,29.0528222,24.605240833333333,4.447581133333333,1.5264810266666666,1.4564454066666666,1.4646547,12.0480453,11.557195533333333,0.5,0.5,22.525874866666665,49.22261733333333,47.64207126666667,25.5698958,3.4829264533333335,0
2020-07-07 21:00:00,104400,29.048395133333333,24.601263333333335,4.447131673333334,1.5262355666666667,1.4562414066666667,1.4646547,12.0460152,11.555248133333333,0.5,0.5,22.4548084,49.888248733333334,48.3029398,25.565918466666666,3.4824769333333334,0
2020-07-07 21:15:00,105300,29.044183866666668,24.597480166666667,4.446704073333334,1.5260020533333334,1.45604732,1.4646547,12.044084233333333,11.553395933333332,0.5,0.5,22.387175866666666,50.52166533333333,48.9314206,25.5621346,3.48204932,0
2020-07-07 21:30:00,106200,29.0401796,24.593882533333336,4.446297493333334,1.5257800333333333,1.45586276,1.4646547,12.042247933333334,11.5516346,0.5,0.5,22.327174666666664,51.124106866666665,49.52877373333333,25.5585372,3.4816427666666665,0
2020-07-07 21:45:00,107100,29.036375866666667,24.590465000000002,4.4459112733333335,1.5255690866666667,1.4556874866666667,1.4646547,12.040503833333334,11.549961166666666,0.5,0.5,22.262375133333332,51.69660293333333,50.0960482,25.5551194,3.4812565466666667,0
2020-07-07 22:00:00,108000,29.0327644,24.587219666666666,4.445544573333334,1.5253688466666666,1.4555210266666667,1.4646547,12.038847466666667,11.5483722,0.5,0.5,22.203974866666666,52.24032773333333,50.634444333333334,25.5518744,3.48088984,0
2020-07-07 22:15:00,108900,29.0293364,24.584139666666665,4.445196466666667,1.5251787466666666,1.45536302,1.4646547,12.037275233333334,11.546864433333333,0.5,0.5,22.1512418,52.75656193333334,51.145282,25.54879426666667,3.4805417666666667,0
2020-07-07 22:30:00,109800,29.026081533333333,24.5812154,4.444866033333334,1.5249982933333333,1.45521304,1.4646547,12.0357828,11.5454326,0.5,0.5,22.097274533333334,53.246811199999996,51.630112933333336,25.545870133333334,3.48021132,0
2020-07-07 22:45:00,110700,29.022988533333333,24.578436733333334,4.44455204,1.5248267866666667,1.4550705533333332,1.4646547,12.034364533333333,11.5440722,0.5,0.5,22.0167084,53.71277766666667,52.09068226666667,25.5430914,3.4798972933333334,0
2020-07-07 23:00:00,111600,29.020047666666667,24.5757943,4.44425342,1.52466372,1.454935,1.4646547,12.033015966666667,11.542778333333333,0.5,0.5,21.939374866666668,54.15597806666666,52.528538133333335,25.540449,3.4795987266666666,0
2020-07-07 23:15:00,112500,29.017251066666667,24.57328186666667,4.443969493333333,1.5245086733333333,1.45480612,1.4646547,12.0317336,11.541548266666666,0.5,0.5,21.861774666666665,54.57752,52.944815133333336,25.5379362,3.4793147933333333,0
2020-07-07 23:30:00,113400,29.014592133333334,24.570892766666667,4.44369954,1.52436126,1.45468358,1.4646547,12.0305141,11.540378666666667,0.5,0.5,21.77524173333333,54.97836933333333,53.3405032,25.53554726666667,3.4790448333333335,0
2020-07-07 23:45:00,114300,29.012064066666667,24.568621233333335,4.443442893333334,1.5242210866666666,1.4545671066666668,1.4646547,12.0293547,11.539266533333333,0.5,0.5,21.71957533333333,55.35957893333333,53.71666913333333,25.533275733333333,3.4787882066666667,0
2020-07-08 00:00:00,115200,29.0096602,24.566461466666667,4.44319884,1.52408782,1.45445632,1.4646547,12.028252466666666,11.538209,0.5,0.5,21.6395748,55.7221342,54.074308,25.531116133333335,3.47854412,0
2020-07-08 00:15:00,116100,29.007372933333333,24.564406533333333,4.442966606666666,1.5239609933333333,1.4543509133333334,1.4646547,12.027203533333333,11.537203,0.5,0.5,21.553708666666665,56.06714,54.414526466666665,25.529061133333332,3.4783119466666665,0
2020-07-08 00:30:00,117000,29.005194333333332,24.5624488,4.442745433333333,1.5238402133333333,1.45425052,1.4646547,12.026204366666667,11.536244433333334,0.5,0.5,21.4797746,56.395835866666665,54.738598,25.527103866666668,3.47809074,0
2020-07-08 00:45:00,117900,29.0031158,24.560581133333333,4.442534393333333,1.5237249666666666,1.4541547266666666,1.4646547,12.025250999999999,11.535330133333334,0.5,0.5,21.410975266666664,56.7095192,55.047857,25.525236133333333,3.4778797200000002,0
2020-07-08 01:00:00,118800,29.0011288,24.558796166666667,4.442332693333333,1.5236148,1.4540631933333332,1.4646547,12.0243399,11.534456266666666,0.5,0.5,21.338008533333333,57.00939786666667,55.3435098,25.523450733333334,3.47767796,0
2020-07-08 01:15:00,119700,28.999227,24.557087266666667,4.442139593333334,1.5235093333333334,1.45397556,1.4646547,12.023467866666667,11.5336194,0.5,0.5,21.274374533333333,57.2964942,55.6265624,25.521741933333335,3.477484866666667,0
2020-07-08 01:30:00,120600,28.997405466666667,24.555451033333334,4.441954746666667,1.5234084066666667,1.45389164,1.4646547,12.0226328,11.532818233333334,0.5,0.5,21.227175066666668,57.57140093333334,55.897574533333334,25.520105733333335,3.47730002,0
2020-07-08 01:45:00,121500,28.995664,24.5538862,4.441777946666667,1.5233118466666666,1.4538114,1.4646547,12.021834066666667,11.532052133333334,0.5,0.5,21.19520886666667,57.83435286666666,56.1567518,25.518541133333333,3.4771232333333333,0
2020-07-08 02:00:00,122400,28.99399946666667,24.552390666666668,4.4416089266666665,1.52321954,1.4537346866666667,1.4646547,12.0210708,11.531319866666667,0.5,0.5,21.1582418,58.0857326,56.404467333333336,25.5170454,3.47695426,0
2020-07-08 02:15:00,123300,28.992407466666666,24.550960033333332,4.4414473,1.52313128,1.45366132,1.4646547,12.020340433333333,11.5306196,0.5,0.5,21.122508333333332,58.32618806666667,56.6413648,25.515614666666668,3.4767926533333333,0
2020-07-08 02:30:00,124200,28.9908834,24.549590933333334,4.441292593333333,1.5230467866666666,1.4535911066666667,1.4646547,12.0196417,11.529949233333333,0.5,0.5,21.076174266666666,58.55636293333333,56.86809873333333,25.514245533333334,3.476637906666667,0
2020-07-08 02:45:00,125100,28.989424333333332,24.548279866666668,4.441144493333334,1.52296592,1.4535238733333333,1.4646547,12.018972666666667,11.5293072,0.5,0.5,21.053774400000002,58.77674653333333,57.085163333333334,25.5129346,3.4764897866666664,0
2020-07-08 03:00:00,126000,28.988028,24.5470253,4.44100272,1.5228884933333333,1.4534595266666668,1.4646547,12.018332366666666,11.528692933333334,0.5,0.5,21.025041733333335,58.98774066666667,57.29296766666667,25.511679933333333,3.47634804,0
2020-07-08 03:15:00,126900,28.986689866666666,24.545822966666666,4.440866933333333,1.5228143333333333,1.4533979,1.4646547,12.017718633333333,11.528104333333333,0.5,0.5,20.991208133333334,59.1898862,57.492050666666664,25.510477666666667,3.4762122266666666,0
2020-07-08 03:30:00,127800,28.985407,24.544670233333335,4.44073666,1.5227431933333333,1.4533387666666666,1.4646547,12.017130233333333,11.52754,0.5,0.5,20.98640826666667,59.3837566,57.68298826666667,25.5093252,3.47608194,0
2020-07-08 03:45:00,128700,28.9841752,24.543563866666666,4.4406116,1.52267488,1.45328202,1.4646547,12.016565633333334,11.526998233333334,0.5,0.5,20.972208666666667,59.56991073333333,57.86634853333334,25.5082184,3.4759569266666666,0
2020-07-08 04:00:00,129600,28.98299,24.542498866666666,4.440491313333333,1.5226091933333334,1.45322742,1.4646547,12.016022033333334,11.526476833333334,0.5,0.5,20.95710873333333,59.7490394,58.042812,25.507153333333335,3.475836613333333,0
2020-07-08 04:15:00,130500,28.9818476,24.541472333333335,4.440375313333333,1.5225458466666666,1.4531747666666666,1.4646547,12.015498,11.525974333333334,0.5,0.5,20.945909,59.92172166666667,58.2129494,25.506126733333332,3.4757206133333334,0
2020-07-08 04:30:00,131400,28.980746266666667,24.540482766666667,4.440263533333334,1.5224848066666667,1.4531240266666667,1.4646547,12.014992966666666,11.5254898,0.5,0.5,20.921175266666665,60.0881836,58.3769712,25.505137333333334,3.47560888,0
2020-07-08 04:45:00,132300,28.97968686666667,24.539530666666668,4.440155953333333,1.5224260533333334,1.4530752,1.4646547,12.014507,11.525023666666666,0.5,0.5,20.8859746,60.248385533333334,58.5348216,25.504185666666668,3.4755012733333333,0
2020-07-08 05:00:00,133200,28.97866906666667,24.53861656666667,4.440052686666667,1.5223696533333333,1.4530283333333334,1.4646547,12.0140405,11.524576066666667,0.5,0.5,20.857508333333335,60.402224866666664,58.68639386666666,25.5032712,3.4753979933333334,0
2020-07-08 05:15:00,134100,28.9776944,24.537740566666667,4.439953713333333,1.5223156066666668,1.4529834066666667,1.4646547,12.0135934,11.524147166666667,0.5,0.5,20.834475333333334,60.54961253333333,58.83160253333333,25.502395333333332,3.475299033333333,0
2020-07-08 05:30:00,135000,28.976761533333335,24.53690243333333,4.43985904,1.5222639066666666,1.4529404333333333,1.4646547,12.013165566666666,11.523736866666667,0.5,0.5,20.851841466666666,60.69067033333333,58.970579666666666,25.501557,3.4752043466666667,0
2020-07-08 05:45:00,135900,28.975867533333332,24.536099333333333,4.439768306666667,1.52221436,1.4528992466666666,1.4646547,12.0127557,11.523343633333333,0.5,0.5,20.8289082,60.8258498,59.10377046666667,25.500753866666667,3.475113573333333,0
2020-07-08 06:00:00,136800,28.97500773333333,24.535326633333334,4.439680986666667,1.5221666666666667,1.45285962,1.4646547,12.012361266666666,11.522965366666666,0.5,0.5,20.776608466666666,60.955878,59.231891866666665,25.499981533333333,3.47502632,0
2020-07-08 06:15:00,137700,28.974179533333334,24.5345826,4.43959698,1.5221208,1.45282148,1.4646547,12.011981566666666,11.522601033333334,0.5,0.5,20.728008666666668,61.08112186666666,59.35530886666667,25.4992374,3.47494228,0
2020-07-08 06:30:00,138600,28.973387333333335,24.533870866666668,4.4395165,1.52207684,1.45278496,1.4646547,12.011618233333333,11.522252633333332,0.5,0.5,20.487275466666667,61.200964866666666,59.473379933333334,25.498525466666667,3.4748617933333334,0
2020-07-08 06:45:00,139500,28.97264,24.533199466666666,4.43944068,1.52203542,1.45275056,1.4646547,12.011275533333333,11.521923933333333,0.5,0.5,20.339541533333335,61.314004266666664,59.584655133333335,25.497854,3.47478596,0
2020-07-08 07:00:00,140400,28.971954466666666,24.532583333333335,4.439371066666666,1.5219974,1.4527189666666667,1.4646547,12.010961166666666,11.521622166666667,0.5,0.5,20.679541733333334,61.4177154,59.686628,25.497238266666667,3.4747164133333333,0
2020-07-08 07:15:00,141300,28.9713316,24.532024266666667,4.439307866666667,1.5219629066666667,1.45269026,1.4646547,12.0106758,11.521348466666666,0.5,0.5,20.8774416,61.51187146666667,59.7791064,25.49667893333333,3.4746531733333335,0
2020-07-08 07:30:00,142200,28.97074526666667,24.5314971,4.439248306666666,1.5219303733333334,1.4526632333333334,1.4646547,12.010406733333333,11.521090366666666,0.5,0.5,21.0086416,61.6006134,59.866104533333335,25.496151733333335,3.47459362,0
2020-07-08 07:45:00,143100,28.970165,24.530975633333334,4.439189406666666,1.5218982333333333,1.4526364733333332,1.4646547,12.0101405,11.520835133333334,0.5,0.5,21.099241333333335,61.6884218,59.952112066666665,25.495630333333335,3.4745346866666664,0
2020-07-08 08:00:00,144000,28.969580133333334,24.5304504,4.439130066666666,1.5218657933333333,1.4526095733333333,1.4646547,12.009872466666668,11.520577933333334,0.5,0.5,21.195541333333335,61.7768844,60.0388208,25.49510473333333,3.474475366666667,0
2020-07-08 08:15:00,144900,28.9689916,24.529921266666666,4.439070313333334,1.5218331666666667,1.4525824466666666,1.4646547,12.009602333333333,11.520318933333334,0.5,0.5,21.350575,61.8659432,60.126243333333335,25.494576,3.4744156133333335,0
2020-07-08 08:30:00,145800,28.968400733333333,24.529390633333335,4.43901034,1.52180042,1.45255522,1.4646547,12.009331666666666,11.520058966666667,0.5,0.5,21.458975,61.95536046666667,60.21414813333333,25.494044933333335,3.47435564,0
2020-07-08 08:45:00,146700,28.967806533333334,24.5288565,4.438950046666667,1.5217674866666666,1.45252786,1.4646547,12.009058966666666,11.519797533333334,0.5,0.5,21.658908733333334,62.04524713333333,60.3026296,25.493511333333334,3.474295306666667,0
2020-07-08 09:00:00,147600,28.9672092,24.5283196,4.43888932,1.52173434,1.45250028,1.4646547,12.008784933333333,11.519534666666667,0.5,0.5,21.822975066666668,62.13571353333334,60.3917822,25.4929742,3.47423464,0
2020-07-08 09:15:00,148500,28.9666028,24.527775166666668,4.4388278733333335,1.5217007733333332,1.4524724,1.4646547,12.008507,11.519268166666667,0.5,0.5,23.096074866666665,62.227366,60.482195266666665,25.49243,3.4741732,0
2020-07-08 09:30:00,149400,28.965979533333332,24.527215433333335,4.438764633333333,1.5216662333333333,1.4524437000000001,1.4646547,12.008221333333333,11.5189941,0.5,0.5,24.356375266666667,62.3216944,60.575358666666666,25.49186973333333,3.4741098866666666,0
2020-07-08 09:45:00,150300,28.965272866666666,24.526580166666665,4.438692846666667,1.52162704,1.4524111066666667,1.4646547,12.0078971,11.518683066666666,0.5,0.5,24.478908333333333,62.42869,60.68088826666666,25.4912346,3.4740381333333334,0
2020-07-08 10:00:00,151200,28.964406533333335,24.5258019,4.438604906666667,1.521579,1.4523712066666667,1.4646547,12.007499866666667,11.518302033333333,0.5,0.5,24.623975,62.5598044,60.810139533333334,25.490456266666666,3.47395018,0
2020-07-08 10:15:00,152100,28.9634198,24.524915166666666,4.43850472,1.5215243,1.45232572,1.4646547,12.0070474,11.517867766666667,0.5,0.5,24.663108,62.7091738,60.9578554,25.489570066666666,3.4738500333333335,0
2020-07-08 10:30:00,153000,28.962375266666665,24.523976333333334,4.438398713333333,1.5214663933333334,1.45227762,1.4646547,12.0065682,11.517408133333333,0.5,0.5,24.520408733333333,62.8673362,61.11482266666667,25.488630866666668,3.47374392,0
2020-07-08 10:45:00,153900,28.961322266666667,24.52303046666667,4.438291853333333,1.5214080333333333,1.45222912,1.4646547,12.006085333333333,11.516945133333333,0.5,0.5,24.3770414,63.026683,61.273359533333334,25.487685066666668,3.4736371266666666,0
2020-07-08 11:00:00,154800,28.9603036,24.522115566666667,4.438188446666667,1.52135158,1.4521821666666666,1.4646547,12.005618466666666,11.5164971,0.5,0.5,24.2916748,63.1808752,61.427014,25.4867704,3.473533766666667,0
2020-07-08 11:15:00,155700,28.959347733333335,24.521256166666667,4.438091373333333,1.5212985533333334,1.4521381199999999,1.4646547,12.005179700000001,11.516076466666666,0.5,0.5,24.1755084,63.325706600000004,61.571439866666665,25.485910866666668,3.47343668,0
2020-07-08 11:30:00,156600,28.958463066666667,24.520461033333333,4.43800156,1.5212494933333334,1.4520973666666668,1.4646547,12.0047739,11.515687133333333,0.5,0.5,24.1489422,63.45968393333333,61.705017733333335,25.48511613333333,3.473346846666667,0
2020-07-08 11:45:00,157500,28.95765,24.519731133333334,4.437919126666666,1.52120448,1.4520599466666666,1.4646547,12.0044014,11.515329733333333,0.5,0.5,24.25360806666667,63.58272733333333,61.827601,25.484385733333333,3.4732644133333332,0
2020-07-08 12:00:00,158400,28.956903066666666,24.519059433333332,4.43784328,1.52116304,1.45202554,1.4646547,12.0040587,11.515000733333334,0.5,0.5,24.38007513333333,63.69588233333333,61.940151066666665,25.4837144,3.47318856,0
2020-07-08 12:15:00,159300,28.956206333333334,24.518433333333334,4.43777256,1.5211244466666667,1.4519934133333334,1.4646547,12.003738933333333,11.5146944,0.5,0.5,24.448408533333332,63.80139586666667,62.044872733333335,25.483088533333333,3.47311786,0
2020-07-08 12:30:00,160200,28.9555414,24.5178363,4.43770506,1.5210875733333333,1.4519627866666667,1.4646547,12.003434266666666,11.514402033333333,0.5,0.5,24.5259756,63.9021006,62.14466193333333,25.482491,3.47305036,0
2020-07-08 12:45:00,161100,28.954901066666668,24.517261066666666,4.437640053333333,1.52105208,1.4519332733333334,1.4646547,12.003140633333333,11.514120433333334,0.5,0.5,24.269975,63.9991062,62.240656799999996,25.4819154,3.472985373333333,0
2020-07-08 13:00:00,162000,28.9542862,24.516708333333334,4.43757762,1.5210179733333333,1.4519049466666667,1.4646547,12.002858533333333,11.513849800000001,0.5,0.5,23.874908266666665,64.09227813333334,62.332781266666665,25.481362933333333,3.4729229466666665,0
2020-07-08 13:15:00,162900,28.953715866666666,24.51619596666667,4.43751976,1.5209863866666666,1.4518786733333333,1.4646547,12.0025971,11.513598866666667,0.5,0.5,23.747075133333333,64.178636,62.41816493333334,25.4808506,3.47286502,0
2020-07-08 13:30:00,163800,28.953219133333334,24.515749533333334,4.437469366666667,1.5209588533333334,1.4518558133333335,1.4646547,12.0023693,11.513380233333333,0.5,0.5,23.716642333333336,64.25389933333334,62.492591866666665,25.480404133333334,3.47281462,0
2020-07-08 13:45:00,164700,28.952798333333334,24.515371633333334,4.43742662,1.5209355333333334,1.4518363866666666,1.4646547,12.002176233333333,11.5131954,0.5,0.5,23.874175133333335,64.31764173333333,62.555528,25.480026266666666,3.472771906666667,0
2020-07-08 14:00:00,165600,28.952436533333334,24.515046666666667,4.437389933333334,1.5209154666666667,1.4518197666666666,1.4646547,12.0020104,11.513036266666667,0.5,0.5,24.389041666666667,64.372394,62.609393,25.4797012,3.4727352466666668,0
2020-07-08 14:15:00,166500,28.9521044,24.5147481,4.43735616,1.5208970333333334,1.4518044266666668,1.4646547,12.001858,11.5128901,0.5,0.5,24.6559746,64.42275226666666,62.6587028,25.479402866666668,3.472701486666667,0
2020-07-08 14:30:00,167400,28.951759666666668,24.5144382,4.4373211800000005,1.5208779333333333,1.4517885466666667,1.4646547,12.001699799999999,11.5127384,0.5,0.5,24.259574666666666,64.47501973333334,62.70969813333333,25.479092866666665,3.4726664400000002,0
2020-07-08 14:45:00,168300,28.951388266666665,24.5141046,4.4372835,1.5208573533333334,1.4517714466666667,1.4646547,12.001529666666666,11.512574933333333,0.5,0.5,23.920874866666665,64.531275,62.7645842,25.478759333333333,3.472628793333333,0
2020-07-08 15:00:00,169200,28.951026933333335,24.513780266666668,4.437246853333333,1.5208373333333334,1.45175482,1.4646547,12.001364066666667,11.5124162,0.5,0.5,23.703608466666665,64.58593146666666,62.81805653333333,25.4784352,3.4725921866666667,0
2020-07-08 15:15:00,170100,28.95072053333333,24.513504933333333,4.437215766666667,1.5208203466666665,1.45174072,1.4646547,12.001223533333333,11.512281400000001,0.5,0.5,23.6145748,64.63238706666667,62.8635894,25.47815973333333,3.4725610266666664,0
2020-07-08 15:30:00,171000,28.950482133333335,24.513290766666668,4.4371915,1.5208071066666666,1.4517296933333332,1.4646547,12.0011144,11.512176366666667,0.5,0.5,23.362875333333335,64.66854693333333,62.8989838,25.4779452,3.472536846666667,0
2020-07-08 15:45:00,171900,28.9503026,24.5131294,4.437173293333333,1.5207971733333334,1.45172142,1.4646547,12.001031833333332,11.512097566666666,0.5,0.5,22.6319084,64.69572046666667,62.92543426666666,25.477784,3.4725186133333334,0
2020-07-08 16:00:00,172800,28.950184666666665,24.513023366666665,4.437161353333334,1.52079064,1.4517160133333333,1.4646547,12.0009778,11.512045566666666,0.5,0.5,22.20750813333333,64.71359246666667,62.94261806666667,25.477678133333335,3.47250666,0
2020-07-08 16:15:00,173700,28.950157400000002,24.5129989,4.4371585866666665,1.5207891466666668,1.4517147400000001,1.4646547,12.0009652,11.5120337,0.5,0.5,21.916674733333334,64.71772,62.94619333333333,25.477653933333333,3.472503893333333,0
2020-07-08 16:30:00,174600,28.950233933333333,24.513067666666668,4.43716632,1.5207933733333334,1.4517182466666667,1.4646547,12.001000366666666,11.5120673,0.5,0.5,22.36824186666667,64.70614626666666,62.9341478,25.477722,3.4725116333333332,0
2020-07-08 16:45:00,175500,28.9503962,24.513213366666665,4.43718282,1.5208023733333333,1.4517257466666666,1.4646547,12.001074633333333,11.512138733333334,0.5,0.5,23.1454416,64.68155039999999,62.908985533333336,25.477868133333335,3.472528146666667,0
2020-07-08 17:00:00,176400,28.950581866666667,24.513380266666665,4.43720166,1.52081266,1.4517343,1.4646547,12.001159933333334,11.512220333333333,0.5,0.5,22.995108,64.65342526666667,62.880010666666664,25.478034733333335,3.4725469466666667,0
2020-07-08 17:15:00,177300,28.950713666666665,24.513498866666666,4.437215026666666,1.5208199733333334,1.4517403533333333,1.4646547,12.001220433333334,11.512278433333334,0.5,0.5,22.402375533333334,64.6334508,62.85883426666667,25.478153533333334,3.472560313333333,0
2020-07-08 17:30:00,178200,28.95079773333333,24.513574366666667,4.43722358,1.5208246266666667,1.4517442533333333,1.4646547,12.0012591,11.512315266666667,0.5,0.5,22.378375533333333,64.620687,62.84486673333333,25.4782292,3.4725688733333335,0
2020-07-08 17:45:00,179100,28.9508972,24.513663733333335,4.43723366,1.5208301333333334,1.4517488266666667,1.4646547,12.0013046,11.512359133333334,0.5,0.5,21.795241733333334,64.60565106666667,62.828919866666666,25.478317866666668,3.472578926666667,0
2020-07-08 18:00:00,180000,28.951038866666668,24.513790633333333,4.437248013333333,1.5208379666666667,1.4517553466666666,1.4646547,12.001369366666667,11.512421266666667,0.5,0.5,21.741975333333333,64.5841838,62.806730466666664,25.478445533333332,3.4725933466666667,0
2020-07-08 18:15:00,180900,28.951244866666666,24.513976266666667,4.437268966666666,1.5208494066666667,1.45176486,1.4646547,12.001464,11.512512266666667,0.5,0.5,22.511541466666667,64.55296546666666,62.774966666666664,25.478630733333333,3.47261422,0
2020-07-08 18:30:00,181800,28.951504266666667,24.514209066666666,4.437295266666666,1.5208637866666666,1.45177678,1.4646547,12.001582933333333,11.512626133333333,0.5,0.5,22.747408466666666,64.51365673333333,62.735108,25.4788638,3.472640606666667,0
2020-07-08 18:45:00,182700,28.951746,24.51442606666667,4.437319806666666,1.5208771666666667,1.45178794,1.4646547,12.001693666666666,11.5127324,0.5,0.5,22.846175533333334,64.4770542,62.69771153333333,25.479081,3.472665093333333,0
2020-07-08 19:00:00,183600,28.951930266666665,24.514591966666668,4.43733854,1.5208874066666667,1.4517964333333333,1.4646547,12.0017785,11.512813466666666,0.5,0.5,22.877374666666665,64.44909573333334,62.66883753333333,25.479246533333335,3.472683786666667,0
2020-07-08 19:15:00,184500,28.952060866666667,24.5147096,4.43735178,1.52089466,1.45180242,1.4646547,12.0018384,11.5128712,0.5,0.5,22.8445754,64.4293048,62.64823006666667,25.479364133333334,3.472697093333333,0
2020-07-08 19:30:00,185400,28.952155133333335,24.51479356666667,4.437361293333334,1.5208998266666667,1.4518067666666667,1.4646547,12.0018813,11.512912266666666,0.5,0.5,22.7893746,64.41508686666667,62.633401666666664,25.479448333333334,3.4727066,0
2020-07-08 19:45:00,186300,28.9522366,24.514866966666666,4.43736962,1.5209043866666667,1.4518105333333333,1.4646547,12.001918733333333,11.512948233333333,0.5,0.5,22.704775,64.40273193333333,62.6205128,25.4795214,3.4727149,0
2020-07-08 20:00:00,187200,28.9523274,24.514948733333334,4.437378833333334,1.52090942,1.4518147133333332,1.4646547,12.001960433333334,11.5129883,0.5,0.5,22.608275066666668,64.38893866666666,62.60623506666667,25.479603533333332,3.4727241133333333,0
2020-07-08 20:15:00,188100,28.9524386,24.515048966666665,4.43739014,1.5209155866666666,1.4518198533333333,1.4646547,12.002011566666667,11.5130374,0.5,0.5,22.5018748,64.37206873333334,62.58897073333333,25.479703266666668,3.4727354333333333,0
2020-07-08 20:30:00,189000,28.952575066666668,24.515171066666667,4.437403953333333,1.5209231466666666,1.4518261066666667,1.4646547,12.0020741,11.513096966666666,0.5,0.5,22.3837082,64.35145706666667,62.5680438,25.479825733333332,3.472749193333333,0
2020-07-08 20:45:00,189900,28.952734933333332,24.515314866666667,4.437420226666667,1.5209320266666666,1.4518335,1.4646547,12.002147266666666,11.5131676,0.5,0.5,22.2775752,64.3271836,62.543535266666666,25.479969466666667,3.47276552,0
2020-07-08 21:00:00,190800,28.952918133333334,24.515479266666667,4.437438753333334,1.52094214,1.4518419133333333,1.4646547,12.002231333333333,11.513247933333334,0.5,0.5,22.159541866666668,64.29947746666666,62.515657866666665,25.480134,3.47278406,0
2020-07-08 21:15:00,191700,28.9531222,24.515662733333333,4.437459486666667,1.5209534733333334,1.4518513133333333,1.4646547,12.002324833333333,11.5133379,0.5,0.5,22.024674866666665,64.268546,62.4845914,25.480317733333333,3.4728048266666667,0
2020-07-08 21:30:00,192600,28.95334993333333,24.515867233333335,4.437482606666666,1.5209660866666666,1.45186182,1.4646547,12.002429133333333,11.5134381,0.5,0.5,21.876174933333335,64.2340558,62.44993446666667,25.480521933333332,3.4728279,0
2020-07-08 21:45:00,193500,28.9536082,24.516099466666667,4.437508826666667,1.5209804066666668,1.45187372,1.4646547,12.002547866666667,11.5135516,0.5,0.5,21.748075266666667,64.19495013333334,62.41059406666667,25.4807536,3.4728541,0
2020-07-08 22:00:00,194400,28.9539028,24.5163641,4.437538733333334,1.5209967333333334,1.4518873,1.4646547,12.002682866666667,11.513681233333333,0.5,0.5,21.6419748,64.15028553333333,62.365621266666665,25.48101893333333,3.4728840533333334,0
2020-07-08 22:15:00,195300,28.954236266666666,24.516663533333332,4.437572573333333,1.5210152133333334,1.45190266,1.4646547,12.002835666666666,11.513827866666666,0.5,0.5,21.541708333333332,64.0998,62.314772266666665,25.481318466666668,3.47291786,0
2020-07-08 22:30:00,196200,28.954603,24.516993,4.437609793333333,1.5210355533333333,1.45191954,1.4646547,12.003003833333333,11.513989166666667,0.5,0.5,21.459774533333334,64.0442594,62.258857133333336,25.481647933333335,3.47295512,0
2020-07-08 22:45:00,197100,28.954992866666668,24.517343466666667,4.43764936,1.52105716,1.4519375,1.4646547,12.003182733333333,11.514160733333334,0.5,0.5,21.407041733333333,63.98517986666667,62.19944186666667,25.4819982,3.4729946933333333,0
2020-07-08 23:00:00,198000,28.9553966,24.517706166666667,4.437690353333333,1.52107954,1.4519561133333334,1.4646547,12.0033678,11.514338366666667,0.5,0.5,21.3134416,63.9240366,62.138012599999996,25.482360933333332,3.4730356466666668,0
2020-07-08 23:15:00,198900,28.955806466666665,24.518074666666667,4.43773196,1.52110226,1.451975,1.4646547,12.0035559,11.514518766666667,0.5,0.5,21.222375333333332,63.861958800000004,62.07569566666667,25.48272933333333,3.47307724,0
2020-07-08 23:30:00,199800,28.9562184,24.518444733333332,4.4377738,1.5211251066666667,1.4519939933333332,1.4646547,12.0037448,11.514699933333333,0.5,0.5,21.161308066666667,63.79953806666667,62.0131006,25.483099333333332,3.473119086666667,0
2020-07-08 23:45:00,200700,28.9566304,24.518814766666665,4.437815586666667,1.5211479466666666,1.45201294,1.4646547,12.003933733333334,11.514881033333333,0.5,0.5,21.074574266666666,63.7371714,61.95064073333334,25.483469533333334,3.473160893333333,0
2020-07-09 00:00:00,201600,28.957038666666666,24.519181433333333,4.437857,1.52117058,1.45203172,1.4646547,12.0041208,11.515060633333333,0.5,0.5,21.0170752,63.675305333333334,61.88875326666667,25.483836466666666,3.4732023733333333,0
2020-07-09 00:15:00,202500,28.9574422,24.519544133333333,4.43789796,1.5211929333333334,1.4520503266666667,1.4646547,12.004305966666667,11.515238166666666,0.5,0.5,20.9595756,63.614233666666664,61.82772826666667,25.484198733333333,3.4732432533333335,0
2020-07-09 00:30:00,203400,28.957835866666667,24.519897933333333,4.437937973333334,1.5212147733333334,1.4520685,1.4646547,12.004486533333333,11.5154114,0.5,0.5,20.903574466666665,63.554595733333336,61.7682272,25.484552933333333,3.473283273333333,0
2020-07-09 00:45:00,204300,28.958213533333332,24.520237366666667,4.4379762666666664,1.5212356866666668,1.45208588,1.4646547,12.004659766666666,11.5155776,0.5,0.5,20.852775066666666,63.4973966,61.7112786,25.484891933333333,3.4733215933333335,0
2020-07-09 01:00:00,205200,28.95857,24.5205578,4.43801248,1.5212554666666667,1.4521023133333333,1.4646547,12.004823266666667,11.515734533333333,0.5,0.5,20.780508466666667,63.443399,61.65764073333333,25.485212333333333,3.47335776,0
2020-07-09 01:15:00,206100,28.958903,24.5208568,4.438046273333334,1.52127392,1.4521176533333333,1.4646547,12.004975933333334,11.515880866666667,0.5,0.5,20.742175533333334,63.393017666666665,61.607715,25.4855112,3.4733915866666667,0
2020-07-09 01:30:00,207000,28.959209266666665,24.521131966666665,4.4380773866666665,1.5212909133333332,1.4521317733333334,1.4646547,12.005116300000001,11.516015666666666,0.5,0.5,20.6938414,63.346629666666665,61.56190466666667,25.485786933333333,3.473422693333333,0
2020-07-09 01:45:00,207900,28.959483733333332,24.521378633333335,4.43810522,1.5213061133333334,1.4521444066666667,1.4646547,12.005242266666666,11.516136366666666,0.5,0.5,20.646174933333334,63.305067066666666,61.52105373333333,25.48603333333333,3.47345052,0
2020-07-09 02:00:00,208800,28.959722,24.5215925,4.438129386666667,1.5213193,1.4521553866666665,1.4646547,12.0053514,11.5162411,0.5,0.5,20.6095748,63.26900953333333,61.485822266666666,25.4862472,3.4734746866666666,0
2020-07-09 02:15:00,209700,28.959922266666666,24.521772866666666,4.438149753333334,1.5213304266666667,1.4521646266666666,1.4646547,12.005443533333333,11.516329333333333,0.5,0.5,20.565208266666666,63.238633066666665,61.456361666666666,25.486427333333335,3.4734950533333335,0
2020-07-09 02:30:00,210600,28.960089333333332,24.521922666666665,4.438166673333334,1.5213396666666668,1.4521723066666667,1.4646547,12.005519933333334,11.516402733333333,0.5,0.5,20.525307666666667,63.21339973333333,61.43205746666667,25.486577133333334,3.4735119533333334,0
2020-07-09 02:45:00,211500,28.960230133333333,24.522049366666668,4.438181,1.5213475,1.4521788,1.4646547,12.005584633333333,11.516464733333333,0.5,0.5,20.475375133333333,63.1920544,61.4115946,25.4867036,3.4735262866666665,0
2020-07-09 03:00:00,212400,28.960353266666665,24.522159566666666,4.43819346,1.5213543133333334,1.4521844466666667,1.4646547,12.005640833333333,11.516518733333333,0.5,0.5,20.438241466666668,63.1734412,61.393804599999996,25.486814266666666,3.4735387466666667,0
2020-07-09 03:15:00,213300,28.960463066666666,24.522258533333332,4.4382046200000005,1.5213603933333333,1.4521895266666667,1.4646547,12.0056914,11.516567133333334,0.5,0.5,20.391075466666667,63.1567854,61.3779214,25.486913133333335,3.473549913333333,0
2020-07-09 03:30:00,214200,28.960563866666668,24.52234856666667,4.438214866666667,1.521366,1.4521941666666667,1.4646547,12.005737466666666,11.5166111,0.5,0.5,20.358541533333334,63.14155313333333,61.36340426666667,25.487003333333334,3.47356014,0
2020-07-09 03:45:00,215100,28.9606582,24.522434133333334,4.438224446666667,1.5213712266666666,1.45219852,1.4646547,12.005781033333333,11.516653100000001,0.5,0.5,20.3307754,63.1272228,61.34972486666667,25.487088533333335,3.4735697466666666,0
2020-07-09 04:00:00,216000,28.960748466666665,24.5225152,4.438233626666666,1.5213762466666667,1.45220268,1.4646547,12.0058224,11.5166928,0.5,0.5,20.298407733333335,63.1135368,61.336633066666664,25.4871698,3.4735789133333332,0
2020-07-09 04:15:00,216900,28.960834533333333,24.522592333333332,4.43824234,1.521381,1.45220664,1.4646547,12.005861666666666,11.516730666666668,0.5,0.5,20.2632744,63.10054186666667,61.324177733333336,25.487246733333333,3.473587633333333,0
2020-07-09 04:30:00,217800,28.960918666666668,24.5226677,4.43825086,1.5213856533333334,1.4522105066666666,1.4646547,12.0059002,11.5167675,0.5,0.5,20.2408752,63.0878352,61.3119496,25.4873224,3.473596166666667,0
2020-07-09 04:45:00,218700,28.9610048,24.5227449,4.43825958,1.5213904133333334,1.4522144666666668,1.4646547,12.005939633333334,11.516805266666667,0.5,0.5,20.202941533333334,63.074812,61.299322133333334,25.487399733333334,3.4736048733333336,0
2020-07-09 05:00:00,219600,28.9610958,24.5228269,4.43826884,1.5213954666666667,1.4522186733333333,1.4646547,12.0059814,11.5168455,0.5,0.5,20.195141666666668,63.06098586666667,61.285831333333334,25.487481533333334,3.47361414,0
2020-07-09 05:15:00,220500,28.9611924,24.522914033333333,4.4382786733333335,1.5214008466666666,1.4522231266666668,1.4646547,12.006025866666667,11.516888166666666,0.5,0.5,20.056808333333333,63.04633473333333,61.2714426,25.487568466666666,3.4736239733333334,0
2020-07-09 05:30:00,221400,28.9612978,24.5230084,4.438289366666667,1.52140668,1.4522279866666667,1.4646547,12.006074133333334,11.516934266666667,0.5,0.5,19.957774866666668,63.03041193333333,61.25574593333333,25.4876632,3.4736346333333334,0
2020-07-09 05:45:00,222300,28.961413066666665,24.5231119,4.4383010333333335,1.52141306,1.4522332733333334,1.4646547,12.0061269,11.516985,0.5,0.5,19.8886748,63.012963400000004,61.23852933333333,25.487767133333335,3.473646366666667,0
2020-07-09 06:00:00,223200,28.9615426,24.523228633333332,4.43831422,1.5214202466666666,1.4522392733333334,1.4646547,12.006186533333333,11.5170421,0.5,0.5,19.812474666666667,62.99331873333333,61.2191292,25.4878834,3.4736595599999998,0
2020-07-09 06:15:00,224100,28.961686333333333,24.523357466666667,4.438328806666667,1.52142822,1.4522458866666668,1.4646547,12.006252233333333,11.517105233333334,0.5,0.5,19.481708466666667,62.971602266666665,61.19764326666667,25.48801213333333,3.4736740533333332,0
2020-07-09 06:30:00,225000,28.9618446,24.5234995,4.438344813333334,1.5214369466666666,1.4522531666666667,1.4646547,12.006324833333334,11.517174666666667,0.5,0.5,19.502441733333335,62.9476338,61.17389686666667,25.4881542,3.4736901933333333,0
2020-07-09 06:45:00,225900,28.962029066666666,24.523665533333332,4.43836356,1.5214471866666668,1.4522616733333333,1.4646547,12.006409433333333,11.517256099999999,0.5,0.5,20.183908466666665,62.9197268,61.14624046666667,25.488319866666668,3.47370886,0
2020-07-09 07:00:00,226800,28.962228866666667,24.5238452,4.4383839,1.5214582933333334,1.4522709066666666,1.4646547,12.006501266666668,11.517343933333333,0.5,0.5,20.514475133333335,62.889415666666665,61.116113133333336,25.488499666666666,3.4737291866666666,0
2020-07-09 07:15:00,227700,28.962393333333335,24.523992666666665,4.438400526666666,1.5214674,1.4522784266666666,1.4646547,12.006576366666668,11.5174163,0.5,0.5,20.5460752,62.86458186666667,61.09122633333333,25.488647266666668,3.4737458266666668,0
2020-07-09 07:30:00,228600,28.962489666666666,24.524079466666667,4.438410293333334,1.5214727133333334,1.45228288,1.4646547,12.006620666666667,11.5174588,0.5,0.5,20.63827493333333,62.84997786666666,61.076392266666666,25.488733733333333,3.47375564,0
2020-07-09 07:45:00,229500,28.962528933333335,24.524114666666666,4.4384143400000005,1.52147494,1.4522847,1.4646547,12.006638800000001,11.517475866666667,0.5,0.5,20.778075133333335,62.843999,61.070237866666666,25.488769466666668,3.4737596466666667,0
2020-07-09 08:00:00,230400,28.999622133333332,24.557442266666666,4.44217984,1.52353132,1.45399382,1.4646547,12.023649066666666,11.5337932,0.5,0.5,20.940341733333334,57.239553533333336,58.921295533333335,25.522096866666665,3.4775251266666665,54.3001188
2020-07-09 08:15:00,231300,29.045961666666667,24.599076933333333,4.446884533333334,1.5261006066666667,1.4561292266666668,1.4646547,12.044899266666667,11.554177666666666,0.5,0.5,20.993474866666666,50.2546482,53.0940732,25.563731733333334,3.4822298733333334,51.8556254
2020-07-09 08:30:00,232200,29.068217333333333,24.619072766666665,4.44914446,1.5273347533333332,1.4571550066666668,1.4646547,12.055105033333334,11.563967733333333,0.5,0.5,21.034708133333332,46.90968313333333,49.24831246666667,25.583727333333332,3.4844897599999998,45.14849666666667
2020-07-09 08:45:00,233100,29.083080933333335,24.632427033333332,4.45065384,1.52815902,1.45784012,1.4646547,12.061921,11.570506033333334,0.5,0.5,21.17980813333333,44.6789644,46.613982066666665,25.597081466666666,3.4859991266666666,40.337035533333335
2020-07-09 09:00:00,234000,29.093845266666666,24.642098366666666,4.4517470333333335,1.5287560133333333,1.45833632,1.4646547,12.066857366666667,11.575241,0.5,0.5,21.2415748,43.065035466666664,44.66386646666667,25.6067528,3.48709238,36.587875733333334
2020-07-09 09:15:00,234900,29.101830133333333,24.649272366666665,4.4525579933333335,1.5291988666666667,1.4587044266666667,1.4646547,12.0705189,11.578753466666667,0.5,0.5,22.5604416,41.868699066666665,43.161716866666666,25.613927133333334,3.4879033,33.562127933333336
2020-07-09 09:30:00,235800,29.1080842,24.654891333333335,4.45319314,1.5295457133333332,1.4589927266666667,1.4646547,12.073386766666667,11.581504566666666,0.5,0.5,23.781908333333334,40.9322478,41.96849733333333,25.619546133333333,3.48853844,31.021959133333333
2020-07-09 09:45:00,236700,29.113119,24.6594145,4.45370446,1.52982496,1.4592248,1.4646547,12.0756953,11.5837192,0.5,0.5,24.107574933333332,40.17868766666667,41.00222386666667,25.624069,3.48904978,28.795769866666667
2020-07-09 10:00:00,237600,29.117069733333334,24.6629639,4.45410574,1.5300440866666667,1.4594069533333334,1.4646547,12.0775069,11.585457,0.5,0.5,24.204041733333334,39.58755973333333,40.233553,25.627618666666667,3.489451046666667,26.897792466666665
2020-07-09 10:15:00,238500,29.120067733333332,24.665657466666666,4.454410266666667,1.5302103733333332,1.4595451933333334,1.4646547,12.078881733333333,11.586775733333333,0.5,0.5,24.194841866666668,39.139088666666666,39.634782533333336,25.630312066666665,3.48975554,25.274886733333332
2020-07-09 10:30:00,239400,29.122308133333334,24.667670766666667,4.454637806666667,1.53033464,1.4596484666666667,1.4646547,12.0799094,11.587761366666667,0.5,0.5,24.090642266666666,38.804016866666664,39.17409093333333,25.632325133333335,3.4899831,23.9003598
2020-07-09 10:45:00,240300,29.123955533333334,24.669150633333334,4.454805146666667,1.5304260333333333,1.4597244133333334,1.4646547,12.0806646,11.588486033333334,0.5,0.5,23.979741066666666,38.55768293333333,38.822313,25.6338052,3.4901504266666667,22.727667
2020-07-09 11:00:00,241200,29.125142733333334,24.670216966666665,4.45492574,1.53049188,1.45977916,1.4646547,12.0812089,11.589008066666667,0.5,0.5,23.90517506666667,38.3802084,38.556193066666665,25.634871533333335,3.4902710333333333,21.727511933333332
2020-07-09 11:15:00,242100,29.125973266666666,24.670963333333333,4.4550100666666665,1.53053794,1.4598174266666666,1.4646547,12.081589966666666,11.589373366666667,0.5,0.5,23.877842,38.25601846666667,38.35729653333333,25.635617866666667,3.490355393333333,20.8677804
2020-07-09 11:30:00,243000,29.126529066666667,24.671462566666666,4.45506654,1.53056878,1.45984306,1.4646547,12.081844566666668,11.589618,0.5,0.5,23.937174866666666,38.172931,38.21135206666666,25.636117333333335,3.4904118333333334,20.129550133333332
2020-07-09 11:45:00,243900,29.126864066666666,24.671763733333332,4.4551005733333335,1.53058736,1.4598585133333333,1.4646547,12.081998333333333,11.5897654,0.5,0.5,24.015641733333332,38.122841333333334,38.107992,25.63641833333333,3.4904458133333334,19.497863733333332
2020-07-09 12:00:00,244800,29.1270248,24.671908266666666,4.455116866666667,1.5305962533333333,1.4598659133333334,1.4646547,12.082072199999999,11.589836066666667,0.5,0.5,24.1833082,38.0988318,38.03909266666667,25.636562533333333,3.49046218,18.951928066666667
2020-07-09 12:15:00,245700,29.1270348,24.671917366666666,4.45511794,1.5305968333333333,1.4598664066666667,1.4646547,12.082076866666666,11.5898405,0.5,0.5,24.316875266666667,38.09730293333333,37.9993184,25.636572133333335,3.4904632066666665,18.480056333333334
2020-07-09 12:30:00,246600,29.1269018,24.6717971,4.455104353333334,1.53058942,1.4598602333333333,1.4646547,12.0820155,11.5897816,0.5,0.5,24.464374866666667,38.117259733333334,37.985860333333335,25.636451733333335,3.490449653333333,18.060617733333334
2020-07-09 12:45:00,247500,29.126660933333334,24.671581066666665,4.4550799,1.5305760666666666,1.4598491333333332,1.4646547,12.0819052,11.589675866666667,0.5,0.5,24.663608133333334,38.15323086666667,37.994299399999996,25.636235533333334,3.490425226666667,17.7139168
2020-07-09 13:00:00,248400,29.126323933333335,24.671278333333333,4.4550457,1.5305574,1.4598336,1.4646547,12.081750733333333,11.5895276,0.5,0.5,24.841175466666666,38.2035922,38.02134113333333,25.635932866666668,3.49039104,17.4096728
2020-07-09 13:15:00,249300,29.125889866666668,24.670888333333334,4.455001593333333,1.5305332933333333,1.4598136,1.4646547,12.081551600000001,11.589336733333333,0.5,0.5,25.004441466666666,38.26850073333333,38.06572293333333,25.635542666666666,3.49034688,17.1416552
2020-07-09 13:30:00,250200,29.1253892,24.670438766666667,4.45495076,1.5305055333333333,1.4597905266666666,1.4646547,12.081322133333334,11.589116633333333,0.5,0.5,25.1444082,38.343334866666666,38.1241244,25.635093466666667,3.4902960733333335,16.921584066666668
2020-07-09 13:45:00,251100,29.124814933333333,24.669922666666668,4.4548924266666665,1.5304736933333334,1.4597640333333333,1.4646547,12.0810587,11.588863966666667,0.5,0.5,25.259407799999998,38.429184533333334,38.194666733333335,25.6345772,3.490237753333333,16.7110678
2020-07-09 14:00:00,252000,29.124223866666668,24.6693916,4.4548324,1.5304409,1.4597368,1.4646547,12.080787533333334,11.588604066666667,0.5,0.5,24.7879416,38.5175568,38.27369693333333,25.6340464,3.4901777066666666,16.5971014
2020-07-09 14:15:00,252900,29.1236738,24.668897466666667,4.454776533333334,1.5304104066666666,1.4597114266666666,1.4646547,12.0805354,11.588362066666667,0.5,0.5,24.403208666666668,38.59980706666666,38.3517242,25.6335522,3.49012184,16.528566
2020-07-09 14:30:00,253800,29.1231926,24.66846513333333,4.454727626666666,1.5303836866666667,1.45968924,1.4646547,12.080314866666667,11.588150266666666,0.5,0.5,24.1875086,38.671774066666664,38.4223916,25.633119733333334,3.49007294,16.490604333333334
2020-07-09 14:45:00,254700,29.122800266666665,24.668112833333332,4.4546878266666665,1.53036196,1.4596711666666666,1.4646547,12.080134933333333,11.5879779,0.5,0.5,24.055274999999998,38.73040386666667,38.4807856,25.6327678,3.4900331466666668,16.4638614
2020-07-09 15:00:00,255600,29.122491933333333,24.66783553333333,4.454656480000001,1.5303448333333334,1.4596569466666667,1.4646547,12.0799935,11.587842033333333,0.5,0.5,23.936375066666667,38.77656413333333,38.52606493333333,25.632490333333333,3.4900017733333333,16.418825
2020-07-09 15:15:00,256500,29.1222578,24.667625366666666,4.454632706666667,1.5303318533333332,1.4596461533333334,1.4646547,12.079886033333333,11.587739333333333,0.5,0.5,23.803908333333332,38.81155953333334,38.560666733333335,25.632279866666668,3.489978,16.3876402
2020-07-09 15:30:00,257400,29.122118266666668,24.667500033333333,4.45461856,1.5303241266666667,1.4596397333333333,1.4646547,12.0798222,11.587677833333334,0.5,0.5,23.156674866666666,38.832396,38.58398113333333,25.6321548,3.48996384,16.412218333333332
2020-07-09 15:45:00,258300,29.122093933333332,24.6674778,4.4546160200000005,1.53032274,1.45963858,1.4646547,12.0798108,11.587667,0.5,0.5,22.691508133333333,38.83609906666667,38.59239926666667,25.63213246666667,3.4899613333333335,16.450191
2020-07-09 16:00:00,259200,29.1221904,24.6675646,4.454625813333333,1.5303281,1.4596430133333334,1.4646547,12.0798551,11.5877095,0.5,0.5,22.332741733333332,38.82164006666667,38.583330466666666,25.632218933333334,3.489971173333333,16.4925734
2020-07-09 16:15:00,260100,29.122410733333332,24.667762800000002,4.454648246666666,1.53034034,1.4596532066666668,1.4646547,12.0799563,11.587806500000001,0.5,0.5,22.0712414,38.78865546666667,38.55511933333333,25.63241753333333,3.4899935533333335,16.527506333333335
2020-07-09 16:30:00,261000,29.122730866666668,24.668050166666667,4.45468072,1.5303580733333333,1.4596679466666667,1.4646547,12.080102966666667,11.5879472,0.5,0.5,21.854175333333334,38.74081626666666,38.51004253333333,25.6327048,3.4900260133333334,16.53314
2020-07-09 16:45:00,261900,29.123124933333333,24.668404566666666,4.4547207533333335,1.5303799466666665,1.4596861066666666,1.4646547,12.080283933333334,11.588120633333332,0.5,0.5,21.953108266666668,38.681854533333336,38.452222133333336,25.633059066666668,3.4900661266666666,16.520314533333334
2020-07-09 17:00:00,262800,29.1235706,24.668804666666666,4.45476608,1.53040468,1.4597067,1.4646547,12.080487966666666,11.5883167,0.5,0.5,21.66137506666667,38.615240066666665,38.385780133333334,25.633459466666668,3.49011134,16.506296133333333
2020-07-09 17:15:00,263700,29.124027266666666,24.669215133333335,4.4548124200000006,1.53043,1.45972772,1.4646547,12.080697533333334,11.5885176,0.5,0.5,21.791241733333333,38.54694713333333,38.3156028,25.633869733333334,3.49015774,16.467189866666665
2020-07-09 17:30:00,264600,29.1244968,24.669636833333335,4.454860106666667,1.53045604,1.4597493666666665,1.4646547,12.0809128,11.588724033333333,0.5,0.5,21.4933752,38.47676226666667,38.2438436,25.6342914,3.490205426666667,16.442908066666668
2020-07-09 17:45:00,265500,29.124968,24.6700598,4.454907973333333,1.5304821666666666,1.4597711066666668,1.4646547,12.081128766666666,11.588931033333333,0.5,0.5,21.520341666666667,38.406334066666666,38.17141806666667,25.634714866666666,3.4902532666666666,16.4115062
2020-07-09 18:00:00,266400,29.125448933333335,24.670491966666667,4.454956800000001,1.5305088333333334,1.4597932666666666,1.4646547,12.081349433333333,11.589142533333334,0.5,0.5,21.435174933333332,38.3344464,38.098203133333335,25.6351468,3.490302106666667,16.389097666666668
2020-07-09 18:15:00,267300,29.125861733333334,24.670862766666666,4.45499872,1.5305317266666667,1.4598122933333333,1.4646547,12.081538566666667,11.5893242,0.5,0.5,22.2816748,38.27272826666667,38.0286162,25.6355174,3.4903440333333333,16.262839866666667
2020-07-09 18:30:00,268200,29.126162666666666,24.6711333,4.455029293333333,1.5305484266666667,1.4598261666666668,1.4646547,12.081676533333333,11.589456766666666,0.5,0.5,22.7999082,38.22773553333334,37.97223186666667,25.635787933333333,3.490374593333333,16.115796066666668
2020-07-09 18:45:00,269100,29.126331399999998,24.671284800000002,4.45504642,1.5305577933333334,1.4598339266666667,1.4646547,12.081754033333333,11.589530766666668,0.5,0.5,23.073708333333332,38.20250566666667,37.9348094,25.6359394,3.4903917333333334,15.972643133333333
2020-07-09 19:00:00,270000,29.126359666666666,24.671310300000002,4.45504932,1.53055938,1.45983524,1.4646547,12.081766933333334,11.589543366666668,0.5,0.5,23.225074733333333,38.198267666666666,37.91959093333333,25.635965066666667,3.4903946133333332,15.848632466666666
2020-07-09 19:15:00,270900,29.126271533333334,24.6712313,4.45504038,1.5305544866666667,1.4598311933333332,1.4646547,12.081726633333334,11.589504666666667,0.5,0.5,23.285875533333332,38.21143633333333,37.9240176,25.635886066666668,3.49038566,15.758091366666667
2020-07-09 19:30:00,271800,29.126112533333334,24.67108856666667,4.45502422,1.5305456466666667,1.4598238733333333,1.4646547,12.081653766666667,11.5894348,0.5,0.5,23.2970754,38.2352086,37.9419598,25.635743066666667,3.4903695266666666,15.7019449
2020-07-09 19:45:00,272700,29.125906066666666,24.670903133333333,4.45500326,1.5305342,1.45981436,1.4646547,12.081559133333334,11.589344,0.5,0.5,23.287475533333332,38.26605033333333,37.96813053333333,25.635557733333332,3.49034854,15.651039733333333
2020-07-09 20:00:00,273600,29.1256722,24.6706928,4.454979506666667,1.5305212400000001,1.4598035666666667,1.4646547,12.0814517,11.5892411,0.5,0.5,23.2674752,38.301047266666664,37.999508533333334,25.635347466666666,3.4903248066666666,15.606495133333333
2020-07-09 20:15:00,274500,29.125433,24.670478,4.454955200000001,1.53050796,1.45979254,1.4646547,12.081342133333333,11.589135866666666,0.5,0.5,23.223341066666666,38.336807533333335,38.03278013333333,25.6351328,3.49030048,15.581020866666666
2020-07-09 20:30:00,275400,29.125221066666665,24.6702874,4.454933633333334,1.5304962,1.4597827333333333,1.4646547,12.0812449,11.5890425,0.5,0.5,23.1973744,38.368503266666664,38.0640328,25.634941933333334,3.4902789666666667,15.571703266666667
2020-07-09 20:45:00,276300,29.125017333333332,24.670104233333333,4.454912953333333,1.5304848933333333,1.45977336,1.4646547,12.081151266666666,11.588952966666668,0.5,0.5,23.1685748,38.39898493333333,38.093379666666664,25.634758933333334,3.490258266666667,15.551479
2020-07-09 21:00:00,277200,29.122858533333336,24.668164466666667,4.454693646666668,1.5303651266666667,1.4596738200000001,1.4646547,12.080161266666668,11.588003200000001,0.5,0.5,23.149376,38.721801,38.921800733333335,25.632818533333335,3.4900389466666666,1.0378214666666667
2020-07-09 21:15:00,278100,29.122858,24.668164,4.454693600000001,1.5303651,1.4596738,1.4646547,12.080161,11.588003,0.5,0.5,23.149376,38.721874,38.922375,25.632818,3.4900389,0
2020-07-09 21:30:00,279000,29.122858,24.668164,4.454693600000001,1.5303651,1.4596738,1.4646547,12.080161,11.588003,0.5,0.5,23.149376,38.721874,38.922375,25.632818,3.4900389,0
2020-07-09 21:45:00,279900,29.122858,24.668164,4.454693600000001,1.5303651,1.4596738,1.4646547,12.080161,11.588003,0.5,0.5,23.149376,38.721874,38.922375,25.632818,3.4900389,0
2020-07-09 22:00:00,280800,29.122858,24.668164,4.454693600000001,1.5303651,1.4596738,1.4646547,12.080161,11.588003,0.5,0.5,23.149376,38.721874,38.922375,25.632818,3.4900389,0
2020-07-09 22:15:00,281700,29.122858,24.668164,4.454693600000001,1.5303651,1.4596738,1.4646547,12.080161,11.588003,0.5,0.5,23.149376,38.721874,38.922375,25.632818,3.4900389,0
2020-07-09 22:30:00,282600,29.122858,24.668164,4.454693600000001,1.5303651,1.4596738,1.4646547,12.080161,11.588003,0.5,0.5,23.149376,38.721874,38.922375,25.632818,3.4900389,0
2020-07-09 22:45:00,283500,29.122858,24.668164,4.454693600000001,1.5303651,1.4596738,1.4646547,12.080161,11.588003,0.5,0.5,23.149376,38.721874,38.922375,25.632818,3.4900389,0
2020-07-09 23:00:00,284400,29.122858,24.668164,4.454693600000001,1.5303651,1.4596738,1.4646547,12.080161,11.588003,0.5,0.5,23.149376,38.721874,38.922375,25.632818,3.4900389,0
2020-07-09 23:15:00,285300,29.122858,24.668164,4.454693600000001,1.5303651,1.4596738,1.4646547,12.080161,11.588003,0.5,0.5,23.149376,38.721874,38.922375,25.632818,3.4900389,0
2020-07-09 23:30:00,286200,29.122858,24.668164,4.454693600000001,1.5303651,1.4596738,1.4646547,12.080161,11.588003,0.5,0.5,23.149376,38.721874,38.922375,25.632818,3.4900389,0
2020-07-09 23:45:00,287100,29.122858,24.668164,4.454693600000001,1.5303651,1.4596738,1.4646547,12.080161,11.588003,0.5,0.5,23.149376,38.721874,38.922375,25.632818,3.4900389,0
2020-07-10 00:00:00,288000,29.122858,24.668164,4.454693600000001,1.5303651,1.4596738,1.4646547,12.080161,11.588003,0.5,0.5,23.149376,38.721874,38.922375,25.632818,3.4900389,0
2020-07-10 00:15:00,288900,29.122858,24.668164,4.454693600000001,1.5303651,1.4596738,1.4646547,12.080161,11.588003,0.5,0.5,23.149376,38.721874,38.922375,25.632818,3.4900389,0
2020-07-10 00:30:00,289800,29.122858,24.668164,4.454693600000001,1.5303651,1.4596738,1.4646547,12.080161,11.588003,0.5,0.5,23.149376,38.721874,38.922375,25.632818,3.4900389,0
2020-07-10 00:45:00,290700,29.122858,24.668164,4.454693600000001,1.5303651,1.4596738,1.4646547,12.080161,11.588003,0.5,0.5,23.149376,38.721874,38.922375,25.632818,3.4900389,0
2020-07-10 01:00:00,291600,29.122858,24.668164,4.454693600000001,1.5303651,1.4596738,1.4646547,12.080161,11.588003,0.5,0.5,23.149376,38.721874,38.922375,25.632818,3.4900389,0
2020-07-10 01:15:00,292500,29.122858,24.668164,4.454693600000001,1.5303651,1.4596738,1.4646547,12.080161,11.588003,0.5,0.5,23.149376,38.721874,38.922375,25.632818,3.4900389,0
2020-07-10 01:30:00,293400,29.122858,24.668164,4.454693600000001,1.5303651,1.4596738,1.4646547,12.080161,11.588003,0.5,0.5,23.149376,38.721874,38.922375,25.632818,3.4900389,0
2020-07-10 01:45:00,294300,29.122858,24.668164,4.454693600000001,1.5303651,1.4596738,1.4646547,12.080161,11.588003,0.5,0.5,23.149376,38.721874,38.922375,25.632818,3.4900389,0
2020-07-10 02:00:00,295200,29.122858,24.668164,4.454693600000001,1.5303651,1.4596738,1.4646547,12.080161,11.588003,0.5,0.5,23.149376,38.721874,38.922375,25.632818,3.4900389,0
2020-07-10 02:15:00,296100,29.122858,24.668164,4.454693600000001,1.5303651,1.4596738,1.4646547,12.080161,11.588003,0.5,0.5,23.149376,38.721874,38.922375,25.632818,3.4900389,0
2020-07-10 02:30:00,297000,29.122858,24.668164,4.454693600000001,1.5303651,1.4596738,1.4646547,12.080161,11.588003,0.5,0.5,23.149376,38.721874,38.922375,25.632818,3.4900389,0
2020-07-10 02:45:00,297900,29.122858,24.668164,4.454693600000001,1.5303651,1.4596738,1.4646547,12.080161,11.588003,0.5,0.5,23.149376,38.721874,38.922375,25.632818,3.4900389,0
2020-07-10 03:00:00,298800,29.122858,24.668164,4.454693600000001,1.5303651,1.4596738,1.4646547,12.080161,11.588003,0.5,0.5,23.149376,38.721874,38.922375,25.632818,3.4900389,0
2020-07-10 03:15:00,299700,29.122858,24.668164,4.454693600000001,1.5303651,1.4596738,1.4646547,12.080161,11.588003,0.5,0.5,23.149376,38.721874,38.922375,25.632818,3.4900389,0
2020-07-10 03:30:00,300600,29.122858,24.668164,4.454693600000001,1.5303651,1.4596738,1.4646547,12.080161,11.588003,0.5,0.5,23.149376,38.721874,38.922375,25.632818,3.4900389,0
2020-07-10 03:45:00,301500,29.122858,24.668164,4.454693600000001,1.5303651,1.4596738,1.4646547,12.080161,11.588003,0.5,0.5,23.149376,38.721874,38.922375,25.632818,3.4900389,0
2020-07-10 04:00:00,302400,29.122858,24.668164,4.454693600000001,1.5303651,1.4596738,1.4646547,12.080161,11.588003,0.5,0.5,23.149376,38.721874,38.922375,25.632818,3.4900389,0
2020-07-10 04:15:00,303300,29.122858,24.668164,4.454693600000001,1.5303651,1.4596738,1.4646547,12.080161,11.588003,0.5,0.5,23.149376,38.721874,38.922375,25.632818,3.4900389,0
2020-07-10 04:30:00,304200,29.122858,24.668164,4.454693600000001,1.5303651,1.4596738,1.4646547,12.080161,11.588003,0.5,0.5,23.149376,38.721874,38.922375,25.632818,3.4900389,0
2020-07-10 04:45:00,305100,29.122858,24.668164,4.454693600000001,1.5303651,1.4596738,1.4646547,12.080161,11.588003,0.5,0.5,23.149376,38.721874,38.922375,25.632818,3.4900389,0
2020-07-10 05:00:00,306000,29.122858,24.668164,4.454693600000001,1.5303651,1.4596738,1.4646547,12.080161,11.588003,0.5,0.5,23.149376,38.721874,38.922375,25.632818,3.4900389,0
2020-07-10 05:15:00,306900,29.122858,24.668164,4.454693600000001,1.5303651,1.4596738,1.4646547,12.080161,11.588003,0.5,0.5,23.149376,38.721874,38.922375,25.632818,3.4900389,0
2020-07-10 05:30:00,307800,29.122858,24.668164,4.454693600000001,1.5303651,1.4596738,1.4646547,12.080161,11.588003,0.5,0.5,23.149376,38.721874,38.922375,25.632818,3.4900389,0
2020-07-10 05:45:00,308700,29.122858,24.668164,4.454693600000001,1.5303651,1.4596738,1.4646547,12.080161,11.588003,0.5,0.5,23.149376,38.721874,38.922375,25.632818,3.4900389,0
2020-07-10 06:00:00,309600,29.122858,24.668164,4.454693600000001,1.5303651,1.4596738,1.4646547,12.080161,11.588003,0.5,0.5,23.149376,38.721874,38.922375,25.632818,3.4900389,0
2020-07-10 06:15:00,310500,29.122858,24.668164,4.454693600000001,1.5303651,1.4596738,1.4646547,12.080161,11.588003,0.5,0.5,23.149376,38.721874,38.922375,25.632818,3.4900389,0
2020-07-10 06:30:00,311400,29.122858,24.668164,4.454693600000001,1.5303651,1.4596738,1.4646547,12.080161,11.588003,0.5,0.5,23.149376,38.721874,38.922375,25.632818,3.4900389,0
2020-07-10 06:45:00,312300,29.122858,24.668164,4.454693600000001,1.5303651,1.4596738,1.4646547,12.080161,11.588003,0.5,0.5,23.149376,38.721874,38.922375,25.632818,3.4900389,0
2020-07-10 07:00:00,313200,29.122858,24.668164,4.454693600000001,1.5303651,1.4596738,1.4646547,12.080161,11.588003,0.5,0.5,23.149376,38.721874,38.922375,25.632818,3.4900389,0
2020-07-10 07:15:00,314100,29.122858,24.668164,4.454693600000001,1.5303651,1.4596738,1.4646547,12.080161,11.588003,0.5,0.5,23.149376,38.721874,38.922375,25.632818,3.4900389,0
2020-07-10 07:30:00,315000,29.122858,24.668164,4.454693600000001,1.5303651,1.4596738,1.4646547,12.080161,11.588003,0.5,0.5,23.149376,38.721874,38.922375,25.632818,3.4900389,0
2020-07-10 07:45:00,315900,29.122858,24.668164,4.454693600000001,1.5303651,1.4596738,1.4646547,12.080161,11.588003,0.5,0.5,23.149376,38.721874,38.922375,25.632818,3.4900389,0
2020-07-10 08:00:00,316800,29.122858,24.668164,4.454693600000001,1.5303651,1.4596738,1.4646547,12.080161,11.588003,0.5,0.5,23.149376,38.721874,38.922375,25.632818,3.4900389,0
2020-07-10 08:15:00,317700,29.122858,24.668164,4.454693600000001,1.5303651,1.4596738,1.4646547,12.080161,11.588003,0.5,0.5,23.149376,38.721874,38.922375,25.632818,3.4900389,0
2020-07-10 08:30:00,318600,29.122858,24.668164,4.454693600000001,1.5303651,1.4596738,1.4646547,12.080161,11.588003,0.5,0.5,23.149376,38.721874,38.922375,25.632818,3.4900389,0
2020-07-10 08:45:00,319500,29.122858,24.668164,4.454693600000001,1.5303651,1.4596738,1.4646547,12.080161,11.588003,0.5,0.5,23.149376,38.721874,38.922375,25.632818,3.4900389,0
2020-07-10 09:00:00,320400,29.122858,24.668164,4.454693600000001,1.5303651,1.4596738,1.4646547,12.080161,11.588003,0.5,0.5,23.149376,38.721874,38.922375,25.632818,3.4900389,0
2020-07-10 09:15:00,321300,29.122858,24.668164,4.454693600000001,1.5303651,1.4596738,1.4646547,12.080161,11.588003,0.5,0.5,23.149376,38.721874,38.922375,25.632818,3.4900389,0
2020-07-10 09:30:00,322200,29.122858,24.668164,4.454693600000001,1.5303651,1.4596738,1.4646547,12.080161,11.588003,0.5,0.5,23.149376,38.721874,38.922375,25.632818,3.4900389,0
2020-07-10 09:45:00,323100,29.122858,24.668164,4.454693600000001,1.5303651,1.4596738,1.4646547,12.080161,11.588003,0.5,0.5,23.149376,38.721874,38.922375,25.632818,3.4900389,0
2020-07-10 10:00:00,324000,29.122858,24.668164,4.454693600000001,1.5303651,1.4596738,1.4646547,12.080161,11.588003,0.5,0.5,23.149376,38.721874,38.922375,25.632818,3.4900389,0
2020-07-10 10:15:00,324900,29.122858,24.668164,4.454693600000001,1.5303651,1.4596738,1.4646547,12.080161,11.588003,0.5,0.5,23.149376,38.721874,38.922375,25.632818,3.4900389,0
2020-07-10 10:30:00,325800,29.122858,24.668164,4.454693600000001,1.5303651,1.4596738,1.4646547,12.080161,11.588003,0.5,0.5,23.149376,38.721874,38.922375,25.632818,3.4900389,0
2020-07-10 10:45:00,326700,29.122858,24.668164,4.454693600000001,1.5303651,1.4596738,1.4646547,12.080161,11.588003,0.5,0.5,23.149376,38.721874,38.922375,25.632818,3.4900389,0
2020-07-10 11:00:00,327600,29.122858,24.668164,4.454693600000001,1.5303651,1.4596738,1.4646547,12.080161,11.588003,0.5,0.5,23.149376,38.721874,38.922375,25.632818,3.4900389,0
2020-07-10 11:15:00,328500,29.122858,24.668164,4.454693600000001,1.5303651,1.4596738,1.4646547,12.080161,11.588003,0.5,0.5,23.149376,38.721874,38.922375,25.632818,3.4900389,0
2020-07-10 11:30:00,329400,29.122858,24.668164,4.454693600000001,1.5303651,1.4596738,1.4646547,12.080161,11.588003,0.5,0.5,23.149376,38.721874,38.922375,25.632818,3.4900389,0
2020-07-10 11:45:00,330300,29.122858,24.668164,4.454693600000001,1.5303651,1.4596738,1.4646547,12.080161,11.588003,0.5,0.5,23.149376,38.721874,38.922375,25.632818,3.4900389,0
2020-07-10 12:00:00,331200,29.122858,24.668164,4.454693600000001,1.5303651,1.4596738,1.4646547,12.080161,11.588003,0.5,0.5,23.149376,38.721874,38.922375,25.632818,3.4900389,0
2020-07-10 12:15:00,332100,29.122858,24.668164,4.454693600000001,1.5303651,1.4596738,1.4646547,12.080161,11.588003,0.5,0.5,23.149376,38.721874,38.922375,25.632818,3.4900389,0
2020-07-10 12:30:00,333000,29.122858,24.668164,4.454693600000001,1.5303651,1.4596738,1.4646547,12.080161,11.588003,0.5,0.5,23.149376,38.721874,38.922375,25.632818,3.4900389,0
2020-07-10 12:45:00,333900,29.122858,24.668164,4.454693600000001,1.5303651,1.4596738,1.4646547,12.080161,11.588003,0.5,0.5,23.149376,38.721874,38.922375,25.632818,3.4900389,0
2020-07-10 13:00:00,334800,29.122858,24.668164,4.454693600000001,1.5303651,1.4596738,1.4646547,12.080161,11.588003,0.5,0.5,23.149376,38.721874,38.922375,25.632818,3.4900389,0
2020-07-10 13:15:00,335700,29.122858,24.668164,4.454693600000001,1.5303651,1.4596738,1.4646547,12.080161,11.588003,0.5,0.5,23.149376,38.721874,38.922375,25.632818,3.4900389,0
2020-07-10 13:30:00,336600,29.122858,24.668164,4.454693600000001,1.5303651,1.4596738,1.4646547,12.080161,11.588003,0.5,0.5,23.149376,38.721874,38.922375,25.632818,3.4900389,0
2020-07-10 13:45:00,337500,29.122858,24.668164,4.454693600000001,1.5303651,1.4596738,1.4646547,12.080161,11.588003,0.5,0.5,23.149376,38.721874,38.922375,25.632818,3.4900389,0
2020-07-10 14:00:00,338400,29.122858,24.668164,4.454693600000001,1.5303651,1.4596738,1.4646547,12.080161,11.588003,0.5,0.5,23.149376,38.721874,38.922375,25.632818,3.4900389,0
2020-07-10 14:15:00,339300,29.122858,24.668164,4.454693600000001,1.5303651,1.4596738,1.4646547,12.080161,11.588003,0.5,0.5,23.149376,38.721874,38.922375,25.632818,3.4900389,0
2020-07-10 14:30:00,340200,29.122858,24.668164,4.454693600000001,1.5303651,1.4596738,1.4646547,12.080161,11.588003,0.5,0.5,23.149376,38.721874,38.922375,25.632818,3.4900389,0
2020-07-10 14:45:00,341100,29.122858,24.668164,4.454693600000001,1.5303651,1.4596738,1.4646547,12.080161,11.588003,0.5,0.5,23.149376,38.721874,38.922375,25.632818,3.4900389,0
2020-07-10 15:00:00,342000,29.122858,24.668164,4.454693600000001,1.5303651,1.4596738,1.4646547,12.080161,11.588003,0.5,0.5,23.149376,38.721874,38.922375,25.632818,3.4900389,0
2020-07-10 15:15:00,342900,29.122858,24.668164,4.454693600000001,1.5303651,1.4596738,1.4646547,12.080161,11.588003,0.5,0.5,23.149376,38.721874,38.922375,25.632818,3.4900389,0
2020-07-10 15:30:00,343800,29.122858,24.668164,4.454693600000001,1.5303651,1.4596738,1.4646547,12.080161,11.588003,0.5,0.5,23.149376,38.721874,38.922375,25.632818,3.4900389,0
2020-07-10 15:45:00,344700,29.122858,24.668164,4.454693600000001,1.5303651,1.4596738,1.4646547,12.080161,11.588003,0.5,0.5,23.149376,38.721874,38.922375,25.632818,3.4900389,0
2020-07-10 16:00:00,345600,29.122858,24.668164,4.454693600000001,1.5303651,1.4596738,1.4646547,12.080161,11.588003,0.5,0.5,23.149376,38.721874,38.922375,25.632818,3.4900389,0
